Al Amal College of Medical Sciences University|جامعة|32.60401|44.04024
Al-Zahraa University for Women|جامعة|32.65903|44.06363
Al_Hussain University College|جامعة|32.50676|44.13281
Ali Aljarrah|جامعة|32.57855|44.02858
Central Library - Dean's University|جامعة|32.55682|44.07405
College of Education for Human Sciences|جامعة|32.59757|44.08885
College of Nursing University of Karbala|جامعة|32.61144|44.00362
Department of Electrical and Electronic Engineering|جامعة|32.59839|44.09057
English Dep. Karbalaa|جامعة|32.59931|44.09045
Faculty of Agriculture, University of Karbala|جامعة|32.67561|44.16449
Gulf University for Science & Technology|جامعة|29.27390|48.05291
Karbala University Presidency|جامعة|32.60084|44.08770
N.H.C.E|جامعة|32.01381|44.34072
University of Al-Ameed / College of medicine|جامعة|32.55837|44.07349
University of Kerbala - College of Medicine|جامعة|32.61002|44.00398
university of Manara|جامعة|31.85509|47.14031
الجامعة الأمريكية في الكويت|جامعة|29.34407|48.08341
الجامعة التقنية الجنوبية - الكلية التقنية الهندسية|جامعة|30.45487|47.77416
الجامعة الدولية - الكويت|جامعة|29.28580|47.92665
الجهادل|جامعة|32.39266|46.12619
الكلية العسكرية الرابعة|جامعة|31.00076|46.19089
المختبرات الانشائيه لكلية المستقبل الجامعه|جامعة|32.48798|44.41837
المعهد التقني|جامعة|30.45378|47.76964
الورش الهندسية|جامعة|32.67589|44.07116
ثانوية الشاملة|جامعة|32.91481|44.76184
جامعة الإمام الجواد عليه السلام الدينية|جامعة|32.68364|44.08378
جامعة البصرة|جامعة|30.53070|47.86013
جامعة البصرة كلية الطب|جامعة|30.50633|47.84762
جامعة البيان|جامعة|33.28522|44.28140
جامعة الجوف بنات|جامعة|29.98604|40.22935
جامعة الحدود الشمالية|جامعة|30.91617|41.07948
جامعة الزهراء للعلوم الدينية|جامعة|32.00145|44.33957
جامعة العميد|جامعة|32.55803|44.07397
جامعة القادسية|جامعة|32.00153|44.88103
جامعة الكنوز الأهلية|جامعة|30.47932|47.82347
جامعة الكويت - الشدادية|جامعة|29.25597|47.89735
جامعة المثنى|جامعة|31.33918|45.28848
جامعة النهرين|جامعة|33.27901|44.37864
جامعة النهرين مستشفى التعليمي|جامعة|33.37643|44.32566
جامعة اهل البيت|جامعة|32.64138|43.99452
جامعة بابل|جامعة|32.39446|44.39878
جامعة بغداد - كلية ابن الهيثم للعلوم الصرفة|جامعة|33.36708|44.36709
جامعة تكنولوجيا المعلومات والاتصالات - كلية الهندسة|جامعة|33.31953|44.36645
جامعة جابر بن حيان للعلوم الطبية|جامعة|32.04469|44.39581
جامعة شط العرب الاهلية|جامعة|30.53275|47.81195
جامعة كربلاء|جامعة|32.59837|44.09118
جامعة كلكامش الاهلية|جامعة|33.22225|44.38885
جامعة ومركز عين للدراسات والبحوث المعاصرة|جامعة|32.00140|44.33933
دانشکده فنی و حرفه‌ای دکتر عصاریان|جامعة|32.39657|48.37206
دانشگاه آزاد آبادان|جامعة|30.38363|48.23412
دانشگاه آزاد اسلامی واحد دزفول|جامعة|32.40379|48.37729
دانشگاه آزاد سوسنگرد|جامعة|31.55741|48.18741
دانشگاه علمی کاربردی دره‌شهر|جامعة|33.14149|47.39138
دانشگاه علوم پزشکی دزفول|جامعة|32.39476|48.37348
دانشگاه فرهنگیان انصاری|جامعة|32.38684|48.38564
دانشگاه پیام نور|جامعة|33.30667|47.04748
دانشگاه پیام نور|جامعة|33.14302|47.72938
دانشگاه پیام نور اهواز|جامعة|31.29616|48.60139
دانشگاه پیام نور واحد آبدانان|جامعة|32.99434|47.44038
دخول جامعة الفرات الاوسط التقنية - كلية البوليتكنك - كربلاء المقدسة|جامعة|32.57824|44.17188
رئاسة جامعة كربلاء قسم الإعلام والعلاقات العامة|جامعة|32.60077|44.08807
قسم البنين لجامعه العميد|جامعة|32.60555|44.02832
قسم التعليم المهني|جامعة|32.60557|44.02641
قسم المحاسبة|جامعة|32.50023|44.44052
قسم هندسة الطب الحياتي|جامعة|32.59827|44.09058
كلية ابن خلدون الجامعة الاهلية|جامعة|33.14308|44.36566
كلية الأسراء ألجامعة|جامعة|33.30696|44.44055
كلية الاداب وكلية الاعمال|جامعة|29.80034|40.05700
كلية الامال|جامعة|33.29324|44.40387
كلية البصرة الجامعة للعلوم والتكنولوجيا|جامعة|30.49714|47.82870
كلية التربية الاساسية|جامعة|31.81238|47.17497
كلية التربية للعلوم الإنسانية-قسم اللغة الإنكليزية|جامعة|32.59889|44.08961
كلية التمريض|جامعة|32.67415|44.07295
كلية الحكمة الجامعة|جامعة|33.30104|44.43558
كلية الصيدلة - جامعة البيان|جامعة|33.28595|44.28049
كلية الطب / الشؤون العلمية|جامعة|32.60970|44.00372
كلية العلوم الإسلامية|جامعة|32.67538|44.07279
كلية العلوم الطبية التطبيقية|جامعة|32.60992|44.00357
كلية الفنون الجميلة|جامعة|33.35660|44.38464
كلية القانون الكويتية العالمية|جامعة|29.32215|47.78924
كلية الكويت للعلوم والتكنولوجيا|جامعة|29.32422|47.78821
كلية النخبة الجامعة|جامعة|33.31409|44.35879
كلية الهندسة|جامعة|32.67593|44.07425
كلية اليرموك الجامعة - قسم الصيدلة والتحليلات المرضية|جامعة|33.30030|44.44449
كلية طب الأسنان|جامعة|30.48014|47.80186
كلية مزايا الجامعة|جامعة|31.05118|46.23865
كليه الفنون الجميلة - المجمع الثاني|جامعة|33.35427|44.38102
مبنى رقم 1 (كلية القانون)|جامعة|32.67531|44.07332
مجمع كليات باب المعظم|جامعة|33.35451|44.39249
مرکز نوآوری و تحقیقات مکاترونیک|جامعة|30.43065|48.19195
معهد الكويت للدراسات القضائية والقانونية|جامعة|29.36647|47.96428
Directorate of Military Surveys|دائرة حكومية|33.33764|44.42628
Ministry of Electricity and Water|دائرة حكومية|29.30585|48.01784
اداره آب و فاضل آب|دائرة حكومية|31.48241|48.43621
اداره راه و ترابری|دائرة حكومية|32.39109|48.38197
البطاقة الوطنية الموحدة|دائرة حكومية|33.33200|44.46346
السوق سايت|دائرة حكومية|33.35047|43.76703
الفرقة الخاصة|دائرة حكومية|33.31187|44.40774
المجلس البلدي|دائرة حكومية|32.54951|45.41355
المديرية العامة للتنمية الصناعية|دائرة حكومية|33.32874|44.41701
المسح الجيولوجي|دائرة حكومية|33.32017|44.42845
النشاط المدرسي|دائرة حكومية|31.30486|45.28847
بلدية ابي الخصيب|دائرة حكومية|30.45043|47.98738
بلدية الكرادة|دائرة حكومية|33.31870|44.42037
بلديه الصدر|دائرة حكومية|33.36572|44.42975
جنة الزهراء|دائرة حكومية|32.61957|44.03713
دائرة الاشغال|دائرة حكومية|33.34193|44.41674
دائرة الانواء الجوية|دائرة حكومية|31.02711|46.24374
دائرة التأمين على الحياة العامة|دائرة حكومية|33.33230|44.40567
دائرة التسجيل العقاري/الدورة|دائرة حكومية|33.27124|44.34945
دائرة الجنسية و الاحوال الكاظمية|دائرة حكومية|33.35133|44.35347
دائرة الضريبة في المسيب|دائرة حكومية|32.77597|44.28795
دائرة بريد والاتصالات في الشنافية|دائرة حكومية|31.58561|44.64299
دائرة جوازات الصليخ|دائرة حكومية|33.38510|44.38618
دائرة زراعة الحمزة|دائرة حكومية|31.72449|44.96435
دائرة كهرباء|دائرة حكومية|32.74893|44.61169
دائره الجوازات|دائرة حكومية|33.37344|44.43654
دار الازياء العراقية|دائرة حكومية|33.32726|44.45681
دفاع مدني بابل|دائرة حكومية|32.48530|44.43300
سيطرة السلاميات|دائرة حكومية|33.36213|44.23100
شركة التوزيع القسم الفني|دائرة حكومية|32.50825|44.44490
صيانة كهرباء الشعله|دائرة حكومية|33.36779|44.28697
غرفة التجارة|دائرة حكومية|32.60097|44.02819
فرمانداری|دائرة حكومية|31.47962|48.42949
قائممقامية المسيب|دائرة حكومية|32.76155|44.28452
قسم الاليات|دائرة حكومية|33.29648|44.45106
قسم هندسة النفط|دائرة حكومية|30.36212|47.62125
كاتب العدل والتسجيل العقاري|دائرة حكومية|31.84269|47.14264
كمب لوك اويل|دائرة حكومية|31.05828|47.30061
كهرباء الغزاليه|دائرة حكومية|33.35859|44.26465
مجلس الشعب|دائرة حكومية|31.58455|44.64302
مجلس محافظة كربلاء|دائرة حكومية|32.60513|44.03362
محافظة البصره|دائرة حكومية|30.51306|47.83085
محكمة الشنافية|دائرة حكومية|31.58450|44.64187
مخازن وزارة التجارة للمواد الغذائية|دائرة حكومية|33.39075|44.42697
مدرية الرعاية الاجتماعية|دائرة حكومية|32.01247|44.36031
مديرية الجنسية في ذي قار|دائرة حكومية|31.05746|46.24894
مديرية المرور العامة|دائرة حكومية|33.32926|44.43332
مديرية بلدية البصرة|دائرة حكومية|30.50787|47.82589
مديرية تربية ذي قار|دائرة حكومية|31.04700|46.24990
مديرية تنفيذ الصدر الاولى|دائرة حكومية|33.36541|44.44447
مديرية شباب ورياضة بابل|دائرة حكومية|32.48435|44.42793
مديرية كهرباء كربلاء|دائرة حكومية|32.61500|44.01225
مديرية مرور الديوانية|دائرة حكومية|31.99309|44.88765
مركز شرطة الصليخ|دائرة حكومية|33.39161|44.36289
مصنع الانابيب الحديديه|دائرة حكومية|30.04917|47.91971
مقر السرية الرابعة|دائرة حكومية|33.03996|40.37004
مكتب الفارس العلمي|دائرة حكومية|33.32067|44.43141
مكتب جنسية الكرخ|دائرة حكومية|33.30314|44.34874
مكتبة الشنافية العامة|دائرة حكومية|31.58583|44.64312
هيأة التفتيش|دائرة حكومية|33.32877|44.42007
هيئة الحج والعمره|دائرة حكومية|31.06678|46.24764
وزارة التجارة السابقة|دائرة حكومية|33.33314|44.40405
وزارة التعليم|دائرة حكومية|33.31744|44.43131
وزارة الدفاع|دائرة حكومية|33.31999|44.40379
وزارة الكهرباء|دائرة حكومية|33.32040|44.36930
CAFETERIA|مبنى حكومي|29.32798|47.97888
National Committee for Missing and POW Affairs|مبنى حكومي|29.25908|48.05430
abu Abdullah|مبنى حكومي|33.39870|43.69022
ابو رياض|مبنى حكومي|32.48150|44.41015
المحكمة الشرعية و محكمة التحقيقات في الكاظمية|مبنى حكومي|33.35400|44.35550
بلدية الناحية ودائرة النفوس|مبنى حكومي|32.45505|46.07920
بيت كامل دخيل|مبنى حكومي|30.39862|47.63770
تنفيذ الدورة|مبنى حكومي|33.25746|44.39453
دائرة التنفيذ|مبنى حكومي|31.71299|46.10677
دائرة كاتب العدل في الباب الشرقي|مبنى حكومي|33.33254|44.40658
دادگاه|مبنى حكومي|33.01247|46.88580
دادگستری|مبنى حكومي|33.30452|47.03332
دادگستری شوش|مبنى حكومي|32.18817|48.27553
دار القضاء في الجدول الغربي|مبنى حكومي|32.50982|44.19980
دار القضاء في الوركاء|مبنى حكومي|31.46487|45.29635
دفتر درخواست خودرو ماکسیم آبادان|مبنى حكومي|30.33668|48.28337
رئاسة محكمة استئناف القادسية الاتحادية|مبنى حكومي|31.98431|44.92327
زيد المعموري|مبنى حكومي|32.54416|45.41384
شهرداری|مبنى حكومي|32.72991|47.68122
شهرداری بستان|مبنى حكومي|31.72321|47.98499
شهرداری سوسنگرد|مبنى حكومي|31.55964|48.19062
شهرداری منطقه سه|مبنى حكومي|32.39194|48.38023
شهرداری کوی لور|مبنى حكومي|32.49734|48.33395
عبدالله ريس|مبنى حكومي|32.96602|44.84312
قائمقامية قضاء سومر|مبنى حكومي|32.14539|44.99802
كاتب عدل الصويره|مبنى حكومي|32.93140|44.78022
كنيسة الاباء الدومنيكان|مبنى حكومي|33.30889|44.43560
مجلس القضاء الأعلى|مبنى حكومي|33.31812|44.37035
محكمة|مبنى حكومي|32.56044|45.41123
محكمة أحوال الحي|مبنى حكومي|32.16851|46.04739
محكمة ابي غريب|مبنى حكومي|33.30758|44.19909
محكمة استئناف الهندية|مبنى حكومي|32.54716|44.22133
محكمة الأحوال الشخصية|مبنى حكومي|33.37652|44.34292
محكمة الاحمدي|مبنى حكومي|29.08655|48.10576
محكمة الاسكندرية|مبنى حكومي|32.87988|44.34839
محكمة البداء الفاو|مبنى حكومي|29.97442|48.46812
محكمة التحقيق في البياع|مبنى حكومي|33.26310|44.34371
محكمة الحلة القديمة m&h|مبنى حكومي|32.48963|44.43852
محكمة الزبير|مبنى حكومي|30.38444|47.70600
محكمة الشطرة|مبنى حكومي|31.40623|46.16136
محكمة العزير|مبنى حكومي|31.32723|47.41628
محكمة العطيفية|مبنى حكومي|33.35467|44.35550
محكمة الفهود|مبنى حكومي|30.98164|46.71782
محكمة الكرادة و تنفيذ الكرادة|مبنى حكومي|33.31664|44.43512
محكمة الكوفة|مبنى حكومي|32.02693|44.39408
محكمة الهاشمية|مبنى حكومي|32.36779|44.65265
محكمة بداءة الهارثة|مبنى حكومي|30.61801|47.75220
محكمة بدائة المسيب|مبنى حكومي|32.77501|44.28077
محكمة بغداد الجديده|مبنى حكومي|33.33070|44.48033
محكمة جنح النجف|مبنى حكومي|32.06172|44.32328
محكمة غماس|مبنى حكومي|31.73419|44.60249
محكمة قلعة سكر|مبنى حكومي|31.86664|46.07494
محكمة ناحية الدغارة|مبنى حكومي|32.13247|44.93315
محكمة ومركز شرطة الطليعة|مبنى حكومي|32.19467|44.71391
محكمه الرميثة|مبنى حكومي|31.52531|45.19089
محكمه الهلال|مبنى حكومي|31.42800|45.10773
مديرية تنفيذ الفلوجة|مبنى حكومي|33.35217|43.77544
مركز بلدي البياع|مبنى حكومي|33.26987|44.34092
مكتب تحقيق القضائي الاول|مبنى حكومي|31.31884|45.27998
Ahmadi Hospital|مستشفى|29.09087|48.05576
Al-Elwya Hospital For Gyn/Obs|مستشفى|33.31948|44.43296
Dijla Hospital مستشفى دجلة|مستشفى|33.36971|44.37234
Khaldiya Primary Healthcare Center|مستشفى|29.32833|47.96328
Sabah Al-Ahmed urology center|مستشفى|29.33340|47.90146
Un Building|مستشفى|33.23517|44.32317
الطبابة العدلية|مستشفى|31.05770|46.24474
العيادة الشعبية|مستشفى|33.27650|44.35085
المركز التخصصي لطب الاسنان في مدينة الصدر|مستشفى|33.36583|44.44079
المركز الصحي الاحرار|مستشفى|32.52201|45.60426
المركز الصحي الرسالة|مستشفى|31.98550|45.91734
المركز الصحي الوافدين|مستشفى|32.48090|45.90993
المركز الصحي في النهروان /1|مستشفى|33.37765|44.70649
المستوصف الصحي في الاسكان|مستشفى|33.33560|44.33550
خانه بهداشت شمس آباد|مستشفى|32.29595|48.43339
دائرة صحة بغداد/الرصافة - قطاع الرعاية الصحية الأولية|مستشفى|33.32635|44.44708
درمانگاه بقیة الله|مستشفى|32.69119|47.26540
صيدلية الطوارئ|مستشفى|32.03560|44.38420
عيادات الماسة الطبية/العيادة التمريضية|مستشفى|30.55005|47.76940
عيادة عبد الله|مستشفى|33.04469|44.45209
قطاع صحة الشعب|مستشفى|33.39952|44.40654
مجمع الموسوي الطبي|مستشفى|30.50777|47.79150
مجمع ملاك الرحمة الطبي|مستشفى|30.52803|47.76639
مختبر الواثق التخصصي|مستشفى|33.30993|44.43022
مركز الإدريسي الصحي|مستشفى|33.35422|44.43334
مركز الجهاز الهضمي|مستشفى|30.50945|47.83563
مركز الدهلكي الصحي|مستشفى|33.39390|44.35010
مركز الزهور للرعاية الصحية|مستشفى|31.39588|46.17540
مركز العروبة للرعاية الصحية|مستشفى|31.40669|46.16114
مركز امراض الجهاز الهضمي والكبد|مستشفى|32.58689|44.02955
مركز سيارات الإسعاف|مستشفى|29.32671|48.03814
مركز صحي الاقصى|مستشفى|32.48425|44.43131
مركز صحي الربو والحساسية|مستشفى|32.48235|44.42734
مركز صحي العباسية الغربية|مستشفى|32.61035|44.03075
مركز صحي الملحق|مستشفى|32.58597|44.03519
مركز صحي حي الغدير|مستشفى|32.60664|43.99499
مركز قسطرة وجراحة القلب في الديوانية|مستشفى|31.97813|44.92778
مستشفى ابن القف|مستشفى|33.33393|44.46638
مستشفى ابن سيف للاطفال المسيب|مستشفى|32.78411|44.28778
مستشفى الأمام الحسن المجتبى التعليمي|مستشفى|32.64427|43.96956
مستشفى الاسكندرية العام|مستشفى|32.88443|44.35812
مستشفى التنومه|مستشفى|30.53155|47.85493
مستشفى الجمهوري(مستشفى البصره العام)|مستشفى|30.49231|47.80596
مستشفى الحروق|مستشفى|31.98037|44.92981
مستشفى الحكيم العام|مستشفى|33.37039|44.27901
مستشفى الديوانية العام|مستشفى|32.00683|44.91543
مستشفى الزعفرانية|مستشفى|33.27000|44.48812
مستشفى الزهراء التعليمي|مستشفى|31.99995|44.35182
مستشفى الزهور الاهلي|مستشفى|33.31103|44.36503
مستشفى السلامة الأهلي|مستشفى|33.30547|44.33138
مستشفى الشفاء الاهلي|مستشفى|33.32499|44.32746
مستشفى العباس الاهلي|مستشفى|32.60289|44.04019
مستشفى الغدير الاهلي|مستشفى|32.02239|44.38640
مستشفى الفروانية|مستشفى|29.27108|47.90490
مستشفى الفيحاء الأهلي|مستشفى|32.46988|44.41066
مستشفى الكاظمية الخاص / النواب|مستشفى|33.37049|44.33788
مستشفى الكرخ للولاده|مستشفى|33.33863|44.38512
مستشفى المستنصرية|مستشفى|33.35918|44.38929
مستشفى النسائية والاطفال|مستشفى|31.34424|45.28587
مستشفى الهاشمية العام|مستشفى|32.36328|44.64862
مستشفى ام قصر|مستشفى|30.03615|47.91696
مستشفى تقويم الأسنان|مستشفى|31.84950|47.15048
مستشفى دار النجاة|مستشفى|33.30956|44.42951
مستشفى طيبة|مستشفى|29.25122|48.08105
مستشفى ميثم التمار|مستشفى|32.61536|44.04209
مستوصف|مستشفى|31.04417|46.23345
مستوصف الأمين الطبي|مستشفى|33.38840|44.42770
مستوصف البصيرة|مستشفى|32.36253|44.55419
مستوصف الرحمانيه|مستشفى|33.36440|44.28311
مستوصف الشبانات|مستشفى|32.58939|44.07254
مستوصف الصليجية الجمهوري|مستشفى|32.08552|44.62349
مستوصف العمادية|مستشفى|32.33263|44.60327
مستوصف الكريعات|مستشفى|33.39200|44.34145
مستوصف امير المومنين ع|مستشفى|31.98834|44.32598
مستوصف حي الفرات|مستشفى|32.01709|44.90698
مشتشفى الامير|مستشفى|32.00165|44.34956
مصرف الدم محافظة ميسان|مستشفى|31.83465|47.14531
وزارة الصحة|مستشفى|29.32034|47.88096
Automotive Technology Engineering Dept. (ATE)|جامعة|36.14545|44.01836
College of Nursing|جامعة|36.23412|44.86446
Erbil Polytechnic University|جامعة|36.16086|44.01501
Faculty Of Science|جامعة|36.69577|44.52905
Harran Üniversitesi Viranşehir Sağlık Meslek Yüksek Okulu|جامعة|37.21216|39.77341
Koya University Central Library|جامعة|36.09661|44.65777
ME Departmen Laboratories|جامعة|36.14517|44.01637
Scientific Research، Language and Pedagogy Center|جامعة|36.14311|44.01931
Soran University Compus|جامعة|36.69681|44.52889
UKH - School of medicine campus|جامعة|36.23238|44.06273
University of Sulaimani(Medical Campus) زانکۆی سلێمانی|جامعة|35.56685|45.44385
nergiz primary school|جامعة|36.40979|44.31224
اداره کل آموزش فنی و حرفه ای استان زنجان|جامعة|36.66368|48.52254
الجامعة العراقية|جامعة|33.41078|44.35898
المعهد التقني بعقوبة|جامعة|33.74408|44.65749
تۆمارگەی گشتی زانکۆی ڕاپەێن|جامعة|36.23360|44.86497
ثانوية الكندي|جامعة|33.98187|44.95261
جامعة الامام الكاظم (ع)|جامعة|33.40780|44.40738
جامعة الجنان الاهلية|جامعة|33.42399|43.24794
جامعة الكتاب|جامعة|35.75978|44.15790
جامعة الموصل|جامعة|36.38359|43.14232
جامعة تكريت|جامعة|34.67667|43.64523
جامعة ديالى|جامعة|33.68270|44.59816
جامعة كركوك|جامعة|35.39285|44.34087
جهاد دانشگاهی آموزش زبان های خارجی شاخه طوبی|جامعة|35.31009|47.00057
خوابگاه پسرانه دانشگاه علوم پزشکی|جامعة|34.36503|47.11940
دانشکده ادبیات و علوم انسانی|جامعة|34.79660|48.48367
دانشکده بهداشت و پیراپزشکی|جامعة|36.66590|48.51206
دانشکده دندانپزشکی|جامعة|34.38411|47.10037
دانشکده فنی حرفه ای|جامعة|34.34873|47.08074
دانشکده فنی و مهندسی|جامعة|36.22989|46.27681
دانشکده پرستاری سنقر|جامعة|34.77757|47.59787
دانشکده پیراپزشکی|جامعة|33.43917|48.34437
دانشکده کشاورزی|جامعة|35.30684|47.06249
دانشکده کشاورزی و دامپزشکی دانشگاه آزاد سنندج|جامعة|35.17364|46.98881
دانشگاه آزاد - علوم انسانی|جامعة|35.29737|46.98766
دانشگاه آزاد اسلامی|جامعة|34.90281|48.42031
دانشگاه آزاد اسلامی قروه|جامعة|35.15079|47.79857
دانشگاه آزاد اسلامی واحد ایلام|جامعة|33.63775|46.38130
دانشگاه آزاد اسلامی واحد خدابنده|جامعة|36.14406|48.58053
دانشگاه آزاد اسلامی واحد صحنه|جامعة|34.46849|47.71390
دانشگاه آزاد اسلامی واحد نهاوند|جامعة|34.16338|48.41051
دانشگاه آزاد بانه|جامعة|36.00913|45.89406
دانشگاه آزاد سرابله|جامعة|33.75548|46.59230
دانشگاه آزاد مهاباد|جامعة|36.76054|45.74218
دانشگاه آزاد هرسین|جامعة|34.27038|47.61419
دانشگاه آزاد واحد کوهدشت|جامعة|33.52607|47.63451
دانشگاه ازاد اسلامی واحد خرم آباد|جامعة|33.48041|48.42881
دانشگاه ایلام|جامعة|33.65566|46.37777
دانشگاه تحصیلات تکمیلی علوم پایه|جامعة|36.70450|48.50492
دانشگاه جامع علمی کاربردی شهرداری نهاوند|جامعة|34.18887|48.37355
دانشگاه رازی کرمانشاه|جامعة|34.39093|47.11234
دانشگاه سما|جامعة|33.51831|48.37220
دانشگاه صنعتی همدان|جامعة|34.78585|48.48842
دانشگاه علمی کابردی دادگستری|جامعة|33.51077|48.34698
دانشگاه علمی کاربردی|جامعة|35.91508|47.03193
دانشگاه علمی کاربردی بوکان|جامعة|36.51750|46.19230
دانشگاه علمی کاربردی واحد دادگستری|جامعة|33.49709|48.35481
دانشگاه علوم پزشکی ایلام|جامعة|33.66480|46.38838
دانشگاه علوم پزشکی همدان|جامعة|34.79142|48.48799
دانشگاه علوم پزشکی کردستان|جامعة|35.28389|47.00148
دانشگاه غیر انتفاعی صوفی|جامعة|36.68795|48.49709
دانشگاه فرهنگیان|جامعة|33.65493|46.38523
دانشگاه فرهنگیان شهرستان میاندوآب(شهید منوچهر اکبری)|جامعة|36.97891|46.13261
دانشگاه فرهنگیان پردیس صدوقی خواهران کرمانشاه|جامعة|34.34931|47.10637
دانشگاه فنی و حرفه ای و مرکز فنی و حرفه ای دختران|جامعة|34.77499|48.12661
دانشگاه لرستان|جامعة|33.47769|48.42025
دانشگاه ملی مهارت دختران کرمانشاه|جامعة|34.37875|47.10454
دانشگاه نهاوند|جامعة|34.16142|48.41506
دانشگاه پیام نور|جامعة|36.74033|47.67990
دانشگاه پیام نور|جامعة|36.22778|46.26923
دانشگاه پیام نور|جامعة|34.33390|47.09206
دانشگاه پیام نور|جامعة|35.17625|47.77864
دانشگاه پیام نور استان همدان|جامعة|34.83504|48.52090
دانشگاه پیام نور تازه‌آباد|جامعة|34.72675|46.16644
دانشگاه پیام نور جوانرود|جامعة|34.80297|46.50664
دانشگاه پیام نور سنندج|جامعة|35.27443|46.99442
دانشگاه پیام نور شهرستان سرپل ذهاب|جامعة|34.44799|45.85260
دانشگاه پیام نور مریوان|جامعة|35.49838|46.16636
دانشگاه پیام نور واحد ملکان|جامعة|37.14705|46.11073
دانشگاه پیام نور پاوه|جامعة|35.05514|46.35070
دانشگاه پیام نور گیلانغرب|جامعة|34.15424|45.90000
دانشگاه کردستان|جامعة|35.27710|46.99627
زانکۆی ئەمریکی عێراق - سلێمانی|جامعة|35.56698|45.34873
زانکۆی جیهان - سلێمانی|جامعة|35.52678|45.41600
زانکۆی سۆران|جامعة|36.69922|44.52930
زانکۆی قەڵەم|جامعة|35.48410|44.46479
زانکۆی نۆڵج|جامعة|36.10770|44.03191
زانکۆی نێودەوڵەتی تێشک - سلێمانی|جامعة|35.58440|45.35507
زانکۆی پۆلیتەکنیکی سلێمانی|جامعة|35.54200|45.39667
زانکۆی کوردستان - هەولێر|جامعة|36.18175|44.00614
زانکۆی گه‌شه‌پێدانی مرۆیی|جامعة|35.52933|45.49542
زانکۆیا ئەمریکی یا کوردستانێ|جامعة|36.86301|42.86404
زانکۆیا زاخۆ|جامعة|37.11655|42.67081
سەرۆکایەتی زانکۆی سلێمانی|جامعة|35.55630|45.43579
سەرۆکایەتی زانکۆی کۆیە|جامعة|36.09702|44.65658
قرية حمرين|جامعة|34.11912|45.02559
كلية الإمام الأعظم الجامعة|جامعة|33.74173|44.61800
كلية التربية الاساسية قسم الارشاد النفسي والتوجية المهني|جامعة|33.74372|44.62708
كلية الطب البيطري جامعة كركوك|جامعة|35.43500|44.37979
كلية بلاد الرافدين الجامعة|جامعة|33.77890|44.60290
كوليژ و په‌يمانگه‌ها ته‌كنيكى زاخو|جامعة|37.16709|42.69655
مدرسه علمیه معصومیه|جامعة|33.51096|48.34619
مرکز آموزش عالی شهید باکری|جامعة|37.01037|46.07163
مرکز آموزش کشاورزی میاندوآب|جامعة|36.92954|46.01106
معهد الفنون الجميلة للبنات|جامعة|33.75644|44.64740
موسسه آموزش عالی امید|جامعة|34.18837|48.37667
پردیس دانشگاهی بنت الهدی صدر - تربیت معلم خواهران|جامعة|35.32673|47.00199
په‌یمانگای ته‌كنیكی كۆیه‌|جامعة|36.07488|44.63710
پیام نور صحنه|جامعة|34.49338|47.67255
پەیمانگای تەکنیکی تەقتەق|جامعة|35.89440|44.58434
کانون زبان ایران|جامعة|34.36488|47.12365
کۆلێژا ئاکرێ - زانکۆیا دهۆک|جامعة|36.72803|43.84826
Directorate of Erbil Surounding Eduacation|دائرة حكومية|36.23537|43.99797
Pharmacy department|دائرة حكومية|36.19727|44.01981
Shoresh communication|دائرة حكومية|36.21518|44.02995
gorepana utumbêlên bajêrvaniya zaxo|دائرة حكومية|37.16741|42.70972
آموزش و پرورش|دائرة حكومية|35.51342|46.17549
ئەوقافی چۆمان|دائرة حكومية|36.63669|44.88975
اداره اطلاعات|دائرة حكومية|35.52285|46.17670
اداره ثبت اسناد و املاک|دائرة حكومية|35.30757|47.00954
اداره زندان ها|دائرة حكومية|35.30783|46.99854
اداره و آب و فاضلاب سنندج|دائرة حكومية|35.30277|46.98584
اداره کل استاندارد استان کردستان|دائرة حكومية|35.30740|47.01202
اداره کل راه و شهرسازی استان کرمانشاه|دائرة حكومية|34.33556|47.08773
اداره کل ورزش و جوانان|دائرة حكومية|35.32332|47.00283
اداره گاز شهرستان سنندج-منطقه ۲|دائرة حكومية|35.30787|47.01205
الزنكوره|دائرة حكومية|33.45823|43.16616
امور برق جنوبی|دائرة حكومية|35.30789|46.99483
بنکەی شوێنەواری کفری|دائرة حكومية|34.69261|44.95635
بنیاد ۱۵ خرداد|دائرة حكومية|35.30938|47.01046
بیت امام جمعه کرمانشاه|دائرة حكومية|34.33632|47.08564
بەڕێوەبەرایەتی ئاسایشی چۆمان|دائرة حكومية|36.63915|44.89084
بەڕێوەبەرایەتی گشتی خانەنشین|دائرة حكومية|36.18415|44.04022
بەڕێوەبەرایەتی گشتی وەرزشی|دائرة حكومية|36.19414|44.02600
بەڕێوەبەرایەتی گشتیی ئەزموونەکان|دائرة حكومية|36.19371|44.03854
تامین اجتماعی ساختمان شماره ۱|دائرة حكومية|35.30772|46.99565
تربية كلار|دائرة حكومية|34.61764|45.32203
تعویض پلاک مریوان|دائرة حكومية|35.51844|46.18183
ثبت احوال|دائرة حكومية|35.31178|46.98459
جهاد کشاورزی|دائرة حكومية|35.30771|47.03028
دائرة الكهرباء|دائرة حكومية|34.69401|44.95617
دائرة ري بيجي|دائرة حكومية|34.92921|43.49888
دائرة كهرباء|دائرة حكومية|34.27842|45.16898
دفتر امام جمعه ایوان|دائرة حكومية|33.82817|46.30646
دفتر پیشخوان دولت|دائرة حكومية|33.82844|46.30366
ديوان الرقابة المالية|دائرة حكومية|34.58917|43.68396
راهنمائی و رانندگی شهرستان خدابنده|دائرة حكومية|36.13069|48.58967
رێڤەبەریا ساخلەمیا زاخو|دائرة حكومية|37.14544|42.64458
سازمان املاک و اسناد|دائرة حكومية|34.33897|47.08052
سازمان تامین اجتماعی|دائرة حكومية|34.33531|47.08918
سازمان مدیریت و برنامه ریزی کرمانشاه|دائرة حكومية|34.33382|47.08693
ستاد بازسازی عتبات عالیات استان کرمانشاه|دائرة حكومية|34.33682|47.08729
شارەوانی دەربەندیخان|دائرة حكومية|35.11318|45.68672
شرطة مكافحة شغب|دائرة حكومية|37.16913|42.66951
شرکت نفت|دائرة حكومية|34.99428|48.33356
شهرداری و فرمانداری|دائرة حكومية|34.78565|47.59774
فةرمانگةها ئاڤئ|دائرة حكومية|36.85771|42.85549
فەرمانگەی باری شارستانی دەربەندیخان|دائرة حكومية|35.11178|45.68642
قائمقام|دائرة حكومية|36.73347|43.87917
قایمقامیەتی کەرکووک|دائرة حكومية|35.46022|44.38770
كاتب عدل الزهور|دائرة حكومية|33.53114|44.38629
مجلس بلدي الحسينية|دائرة حكومية|33.54838|44.41445
مخابرات ایوان|دائرة حكومية|33.82273|46.31328
مديرية بيئة ديالى|دائرة حكومية|33.74191|44.61826
مديرية توزيع كهرباء صلاح الدين|دائرة حكومية|34.58695|43.68389
مدیریت جهاد کشاورزی|دائرة حكومية|35.91770|47.02117
مركز نظم المعلومات الجغرافية|دائرة حكومية|34.57909|43.68770
مرکز تعویض پلاک خودرو|دائرة حكومية|35.31103|47.03056
مرکز مرور الشرق|دائرة حكومية|35.54891|45.44554
معاونت عمرانی شهرداری|دائرة حكومية|35.31381|47.00668
ملاحظية الوقف السني|دائرة حكومية|33.64292|42.81998
ناوەندی ڕۆشنبیری و کۆمەڵایەتی|دائرة حكومية|36.14254|44.02109
نظام پزشکی سنندج|دائرة حكومية|35.31967|47.00208
نقابت العمال|دائرة حكومية|33.74339|44.61727
وەزارەتی داد|دائرة حكومية|36.20144|44.00040
يونيسف|دائرة حكومية|36.85547|42.98309
پەروەردەی ڕۆژ هەڵات|دائرة حكومية|35.55565|45.44961
ڕەگەزنامەی گشتی هەولێر - ڕۆژئاوا|دائرة حكومية|36.18319|43.98209
کمیته امداد|دائرة حكومية|35.51584|46.18333
کمیته امداد امام خیمنی|دائرة حكومية|35.31230|46.98880
Bajêrvanîya Şêladizê|مبنى حكومي|37.02657|43.80082
Court of Dashti Hawler - Kasnazan|مبنى حكومي|36.20785|44.13351
Kızıltepe Belediyesi|مبنى حكومي|37.18807|40.59293
T.C. Nusaybin Belediyesi|مبنى حكومي|37.06715|41.21714
holly bonakan|مبنى حكومي|35.71991|45.56664
اداره کل دیوان محاسبات استان لرستان|مبنى حكومي|33.49589|48.34678
المجمع العدلي / مديرية تنفيذ الصدر الثانية|مبنى حكومي|33.40321|44.40252
المحكمة القديمة|مبنى حكومي|33.75447|44.63831
المصرف الزراعي|مبنى حكومي|37.17656|42.13395
باخ|مبنى حكومي|35.95551|45.94261
بلدية تكريت|مبنى حكومي|34.60600|43.68006
بيت التعايش في سنوني|مبنى حكومي|36.45875|41.69186
تالار قصر|مبنى حكومي|37.00550|46.08561
تالار پذیرایی و عروسی ساحل|مبنى حكومي|36.96860|46.11361
تەلاری خاک|مبنى حكومي|35.54058|45.39667
حوزه دو شهری شهرداری|مبنى حكومي|34.31381|47.11637
دائيرةى ئاو|مبنى حكومي|36.67437|45.04049
دادگاه|مبنى حكومي|37.12088|45.97796
دادگاه|مبنى حكومي|35.75426|48.47618
دادگاه|مبنى حكومي|36.28342|47.74559
دادگاه|مبنى حكومي|34.20674|47.76527
دادگای بەرایی خەلیفان|مبنى حكومي|36.60719|44.41106
دادگای شەقڵاوە|مبنى حكومي|36.40699|44.31549
دادگستری استان لرستان|مبنى حكومي|33.49722|48.35366
دادگستری جوانرود|مبنى حكومي|34.80260|46.49527
دادگستری شهرستان ایجرود|مبنى حكومي|36.43086|48.27863
دادگستری شهرستان روانسر|مبنى حكومي|34.70950|46.67135
دادگستری شهرستان پاوه|مبنى حكومي|35.03129|46.36869
دادگه ها زاخو|مبنى حكومي|37.16227|42.67733
دهیاری حاصل قوبی افشار|مبنى حكومي|37.02982|45.97186
رامیار و جوتیار|مبنى حكومي|36.21526|43.98772
سەرۆکایەتی دادگای تێهەلچوونەوەی ناوچەی هەولێر|مبنى حكومي|36.18298|43.97979
شهرداری|مبنى حكومي|33.48964|48.34945
شهرداری|مبنى حكومي|35.23943|47.98346
شهرداری|مبنى حكومي|36.82885|46.36672
شهرداری|مبنى حكومي|33.47843|47.23798
شهرداری|مبنى حكومي|36.24196|48.55481
شهرداری|مبنى حكومي|35.84773|48.20189
شهرداری بانه وره|مبنى حكومي|34.97211|46.36309
شهرداری تکاب|مبنى حكومي|36.40419|47.11626
شهرداری زرین آباد|مبنى حكومي|36.42426|48.26940
شهرداری سهرورد|مبنى حكومي|36.07582|48.44837
شهرداری قره آغاج|مبنى حكومي|37.13167|46.98121
شهرداری منطقه چهار زنجان|مبنى حكومي|36.66242|48.50628
شهرداری نورآباد|مبنى حكومي|34.07897|47.97508
شورا حل اختلاف|مبنى حكومي|35.16114|47.80623
شورای حل اختلاف باروق|مبنى حكومي|36.95340|46.32278
عدلية القامشلي|مبنى حكومي|37.04932|41.22402
فرمانداری مریوان|مبنى حكومي|35.51951|46.18404
قاعة افراح|مبنى حكومي|34.31731|45.40257
قصر القضاء في الانبار|مبنى حكومي|33.43769|43.26428
كاتب عدل صباحي|مبنى حكومي|36.16592|43.97246
ماڵی د.دڵشاد|مبنى حكومي|36.17210|44.04871
مةحكةمه|مبنى حكومي|34.18493|45.11726
مجلس طهراوة مقر وجهاء الشبك|مبنى حكومي|36.35795|43.32014
محكمة الأحوال الشخصية في بعقوبة|مبنى حكومي|33.74679|44.64619
محكمة الحويجة|مبنى حكومي|35.32891|43.78457
محكمة الشعب|مبنى حكومي|33.41335|44.38347
محكمة العلم|مبنى حكومي|34.68698|43.71585
محكمة بداءة التون كوبري|مبنى حكومي|35.75750|44.14971
محكمة بلد|مبنى حكومي|34.00816|44.14657
محكمة بيجي|مبنى حكومي|34.93303|43.49445
محكمة زاخو جديد|مبنى حكومي|37.16232|42.67734
محكمة سيميل القديمة|مبنى حكومي|36.85853|42.84883
محكمة هيت - المقر البديل|مبنى حكومي|33.63519|42.83089
محكمه قضاء الدبس|مبنى حكومي|35.66698|44.09059
مديرية بلدية الطارمية|مبنى حكومي|33.66595|44.38757
مستودع الكتب|مبنى حكومي|37.17473|42.13934
نفوس الشمال|مبنى حكومي|36.46531|41.71017
هۆلێ پرسەی سەردەم|مبنى حكومي|36.24080|44.79624
هۆڵی شادی|مبنى حكومي|36.63175|44.53492
پەرلەمانی کوردستان - عێراق|مبنى حكومي|36.19319|43.99608
گرین لاند|مبنى حكومي|36.31835|44.16658
Bnkay tandrusty ankawa|مركز شرطة|36.21961|43.99290
Ibrahim Ahmad Police station|مركز شرطة|35.52789|45.47728
Khalan Police Station|مركز شرطة|36.67486|44.37172
bingehê ne hêlana gunehbariya|مركز شرطة|36.87249|42.98389
kertê dewra barzan|مركز شرطة|37.13947|42.69132
ئاسایشا باتیفا|مركز شرطة|37.17361|43.01347
ئاسایشی هەڤاڵان|مركز شرطة|36.19206|44.05450
اسايش گرميان|مركز شرطة|34.63408|45.34141
اطلاعات|مركز شرطة|34.13795|45.91870
الاقامات|مركز شرطة|36.20217|43.96485
المعسكر الثالث|مركز شرطة|33.94402|43.78238
النقطة الاولى|مركز شرطة|34.07635|43.69426
النقطة الثامنة|مركز شرطة|33.97149|43.73656
النقطة الخامسة|مركز شرطة|34.05062|43.69339
النقطة السابعة|مركز شرطة|33.97909|43.73265
النقطة السادسة|مركز شرطة|34.00486|43.73827
بنكةى پوليسى حسار|مركز شرطة|35.34969|45.87844
بنکەی ئاشایشی شۆڕش|مركز شرطة|36.21759|44.01443
بنکەی پۆلیسی ئازادی|مركز شرطة|35.56074|45.46636
بنکەی پۆلیسی بنەسراوە|مركز شرطة|36.15870|44.12499
بنکەی پۆلیسی تاسڵووجە|مركز شرطة|35.59148|45.19536
بنکەی پۆلیسی دەربەندیخان|مركز شرطة|35.11239|45.68686
بنکەی پۆلیسی فاروق|مركز شرطة|36.20815|44.02807
بنکەی پۆلیسی ڕاپەڕین|مركز شرطة|35.57640|45.33683
بنگه هئ پوليسئن زا خو|مركز شرطة|37.14267|42.67468
بيكولي|مركز شرطة|35.10000|45.58333
بەڕێوەبەرایەتی ناحیەی وەرتێ ، بنکەی پۆلیس|مركز شرطة|36.50783|44.76147
ح ح2|مركز شرطة|33.43334|42.98219
دائرة التحقيقات|مركز شرطة|36.35764|43.19833
دورة المحروق|مركز شرطة|36.37871|43.18915
ستاد فرماندهی انتظامی شهرستان کرمانشاه|مركز شرطة|34.31804|47.07041
سيطرة الجديدة|مركز شرطة|33.63822|44.42267
سيطرة السعدية الرئيسية|مركز شرطة|34.19280|45.14282
سيطرة القوس;سيطرة بوابة بغداد;بوابة بغداد;سيطرة الشعب|مركز شرطة|33.55757|44.38816
سيطرة ح|مركز شرطة|33.66685|44.80506
سيطرة عين حلوة|مركز شرطة|36.60346|42.62698
سيطره دخول بلدروز 60|مركز شرطة|33.69836|45.08797
شرطة كتاب دخول الموصل|مركز شرطة|36.33179|43.43359
غرامة|مركز شرطة|35.54870|45.44542
فرماندهی پلیس مرزبانی استان کرمانشاه|مركز شرطة|34.31886|47.07002
قسم التحقيقات|مركز شرطة|35.79319|43.28662
قيادة محور دوبردان|مركز شرطة|36.46514|43.47536
محطة شرطة سعد|مركز شرطة|33.41490|45.95675
مخفر أم الرؤوس|مركز شرطة|35.62721|41.38421
مخفر الاردن|مركز شرطة|35.38154|41.26755
مخفر الشهيد عارف|مركز شرطة|35.30280|41.27257
مخفر بئر آدم|مركز شرطة|36.54040|41.70213
مخفر ثلاثون تموز|مركز شرطة|35.01218|41.21986
مخفر حدود أسکیبان|مركز شرطة|34.17891|45.54362
مخفر حدود التامیم|مركز شرطة|34.00766|45.45243
مخفر حدود الحسین|مركز شرطة|34.46490|45.44085
مخفر حدود الشبيلية|مركز شرطة|35.57265|41.34312
مخفر حدود العبسي|مركز شرطة|33.72301|45.63726
مخفر حدود الفرات|مركز شرطة|34.27188|45.54099
مخفر حدود المثنى بن حارث|مركز شرطة|34.58602|45.56041
مخفر حدود المنذریة|مركز شرطة|34.38048|45.46497
مخفر حدود النضال|مركز شرطة|36.75948|42.02718
مخفر حدود تبة کل|مركز شرطة|34.26531|45.56451
مخفر حدود حطين|مركز شرطة|34.27468|45.50926
مخفر حدود رمضان|مركز شرطة|34.26836|45.53809
مخفر حدود ستة كانون|مركز شرطة|34.95603|41.22323
مخفر حدود طه القديم|مركز شرطة|34.23196|45.55114
مخفر حدود عرباطة|مركز شرطة|35.98309|41.30488
مخفر حدود علی|مركز شرطة|34.01483|45.46388
مخفر حدود قتیبة الجدید|مركز شرطة|34.52882|45.52241
مخفر حدود نای خضر|مركز شرطة|33.52084|45.88501
مخفر حدود ٦ كانون|مركز شرطة|34.95584|41.22314
مخفر شرطة أزمر|مركز شرطة|35.63630|45.46582
مخفر شرطة الجمامين|مركز شرطة|33.71963|39.46478
مخفر شرطة العنیزی|مركز شرطة|33.51447|45.84207
مخفر شرطة الولج|مركز شرطة|33.63727|39.30649
مخفر شرطة تينال|مركز شرطة|35.61724|45.08425
مخفر شرطة ريزان|مركز شرطة|36.86504|44.12850
مخفر شرطة سكرمة|مركز شرطة|35.32341|45.26439
مخفر شرطة صياح خان|مركز شرطة|33.81089|45.48074
مخفر شرطة قشقولي|مركز شرطة|35.89311|44.98155
مخفر شرطة كلي علي بيك|مركز شرطة|36.63212|44.43873
مخفر شرطة مازنة|مركز شرطة|36.75306|44.44361
مخفر شرطة نايف الحسن|مركز شرطة|36.65644|41.90915
مخفر طريفاوي|مركز شرطة|35.11598|41.22152
مخفر مدينة المدن|مركز شرطة|34.56005|41.08264
مخفر ١حزيران|مركز شرطة|35.06877|41.22731
مديرية الشرطة|مركز شرطة|36.31771|41.84985
مديرية شرطة الكرامه|مركز شرطة|36.35389|43.25007
مديرية شرطة زاخو|مركز شرطة|37.14200|42.68376
مديرية شرطة نينوى|مركز شرطة|36.37614|43.18631
مركز باب الشط|مركز شرطة|36.34173|43.13528
مركز شرطة آثار نمرود|مركز شرطة|36.13901|43.40916
مركز شرطة إنجانة|مركز شرطة|34.47541|44.62882
مركز شرطة البكة|مركز شرطة|35.09587|43.04449
مركز شرطة الحماميات|مركز شرطة|33.50611|44.23739
مركز شرطة الرشيدية|مركز شرطة|36.40554|43.09087
مركز شرطة العدالة|مركز شرطة|33.54655|44.41453
مركز شرطة القورية|مركز شرطة|35.46405|44.37474
مركز شرطة الناحية|مركز شرطة|34.43167|41.55701
مركز شرطة بلدروز|مركز شرطة|33.69201|45.05871
مركز شرطة رحيم اوا|مركز شرطة|35.49273|44.39494
مركز شرطة عزيز بلد|مركز شرطة|34.02357|44.16684
مركز شرطة كفري|مركز شرطة|34.69526|44.95911
مركز شرطة معتوق|مركز شرطة|33.88143|45.21070
مركز شرطه الشعب|مركز شرطة|33.41388|44.40164
معاونية شرطة الصينية|مركز شرطة|34.92444|43.42419
مفرق الشرقاط تلول الباج|مركز شرطة|35.42664|43.11327
مقر الفوج|مركز شرطة|34.02897|43.71056
مقر عمليات غرب سامراء|مركز شرطة|34.16847|43.80367
مقر لواء الحدود|مركز شرطة|36.31325|41.84719
ملحق ثانية|مركز شرطة|35.19380|41.29332
ملحق كاني عطار1|مركز شرطة|36.74680|42.00983
ملحق ١|مركز شرطة|35.12857|41.24233
ملحق ٤|مركز شرطة|35.37557|41.27654
موقف سيارات جوازات دهوك|مركز شرطة|36.85094|43.02695
ناوجةى بيشةسازى باكوور|مركز شرطة|36.22423|44.04576
نقطة تفتيش الجيش العراقي|مركز شرطة|33.48694|44.24043
نقطة قريطاغ 6465|مركز شرطة|36.17290|43.47599
هاتوجو|مركز شرطة|36.02093|44.83840
هيئة التحقيق|مركز شرطة|36.86353|42.98855
پاسگاه نیک پی|مركز شرطة|36.85439|48.16460
پلیس|مركز شرطة|34.42689|45.99479
پلیس|مركز شرطة|34.14072|46.62496
پلیس|مركز شرطة|34.14151|45.91835
پلیس آکاهی|مركز شرطة|35.31008|46.99907
پلیس اماکن عمومی|مركز شرطة|35.31090|46.99877
پلیس راه|مركز شرطة|35.49712|46.16406
پلیس راه سنندج - همدان|مركز شرطة|35.30806|47.05503
پلیس فتا|مركز شرطة|35.86997|47.60269
پۆلیس|مركز شرطة|36.02314|44.83216
پۆلیسی فڕۆکەخانەی هەولێر|مركز شرطة|36.21991|43.96038
پۆلیسی گردەبۆر|مركز شرطة|35.70000|45.20000
کلانتری|مركز شرطة|34.30106|47.05894
کلانتری زرین آباد|مركز شرطة|36.43348|48.28480
کلانتری ۱۱ خیبر|مركز شرطة|34.10842|46.52447
کیرفة|مركز شرطة|33.48333|45.88333
یەکا ٥١|مركز شرطة|36.27913|44.00273
Babirah Hospital|مستشفى|36.62894|42.98382
Dr. Saleem Andraws|مستشفى|36.85941|42.99624
Khalid general hospital|مستشفى|36.09870|44.64734
Nexoşxana Hîvî ya Zarokan - نه‌خۆشخانا هيڤي يا زارۆكان|مستشفى|36.85009|43.00581
Shaheed bakhtyar health center|مستشفى|35.57448|45.43436
atconz|مستشفى|36.24661|44.02129
rawar|مستشفى|34.46483|41.91646
المركز الصحي في الحميدية|مستشفى|33.90022|44.93692
المستشفى العام المقداديه x|مستشفى|33.97732|44.93397
بنکەی تەندروستی تارین|مستشفى|36.19666|44.13691
بنکەی تەندروستی قەڵای نوێ|مستشفى|36.16694|44.13561
بنکەی تەندروستی ڕاژان|مستشفى|36.15213|44.11113
بنکەی تەندرووستی حاجی سەعدییە|مستشفى|36.20379|44.13143
بنکەیی تەندروستی کەسنەزان|مستشفى|36.20798|44.14546
تەوارییەکە|مستشفى|35.56432|45.44346
دائرة صحة صلاح الدين|مستشفى|34.60344|43.68186
دكتۆر علی قوربانی|مستشفى|36.08194|44.63295
شارى پزيشكى سليمانى|مستشفى|35.55643|45.44974
عصام بغدي|مستشفى|36.50390|40.74710
عيادة طه قرداغي|مستشفى|35.56978|45.45217
عیادەی شەوانە ڕۆژی هاوکاری|مستشفى|35.56308|45.43741
فوریت های پزشکی دوراه|مستشفى|36.19330|47.89322
مجمع ازادي الطبي|مستشفى|36.65586|42.60236
مركز الصحي علي الفارس|مستشفى|33.46738|43.46986
مركز صحي حي العمال|مستشفى|33.63637|42.82378
مرکز بهداشت سمیه|مستشفى|35.32275|46.99250
مستشفى الأمراض الصدرية|مستشفى|33.71618|44.61215
مستشفى البتول الميداني -دائرة صحة النجف الاشرف|مستشفى|34.20403|43.86755
مستشفى الحسينية العام|مستشفى|33.54830|44.41710
مستشفى الدكتور جمال|مستشفى|34.18830|43.89931
مستشفى الشرقاط العام|مستشفى|35.51882|43.23469
مستشفى الشهيد سلام الديراوي|مستشفى|36.12599|42.78453
مستشفى الشهيد محمد الماجد|مستشفى|34.20000|43.86613
مستشفى الفاروق|مستشفى|36.36754|42.38225
مستشفى الولادة|مستشفى|36.38732|43.16678
مستشفى بلدروز العام|مستشفى|33.69309|45.07037
مستشفى جلولاء|مستشفى|34.26484|45.15928
مستشفى سنجار العام|مستشفى|36.32242|41.85436
مستشفى هيت العام|مستشفى|33.63650|42.83940
مستوصف الحميدية|مستشفى|33.42340|44.46070
مستوصف الصحة الحيوانية|مستشفى|36.48822|43.11323
مستوصف جمع حمرين|مستشفى|34.09017|45.06267
مشفى الرّازي|مستشفى|37.05268|41.22259
نه خوش خانا بجيك بونىَ|مستشفى|36.86368|42.98697
نەخۆشخانا ڕزگاری|مستشفى|36.72977|43.87168
نەخۆشخانەی تایبەتی هەولێر|مستشفى|36.21740|43.98611
نەخۆشخانەی خواکوڕک|مستشفى|36.12673|44.04305
نەخۆشخانەی سەردەمی تایبەت|مستشفى|36.16768|43.97637
نەخۆشخانەی عەلی ناجی|مستشفى|35.56051|45.42095
نەخۆشخانەی مناڵانی فێركاری|مستشفى|35.56218|45.44307
نەخۆشخانەی چوررتا|مستشفى|35.71938|45.56861
نەخۆشخانەی ڕەسولی تایبەت|مستشفى|36.19437|44.05262
پزیشکی داد|مستشفى|34.62281|45.32675
کومەلگەها ڤین یا نوژداری|مستشفى|36.85975|42.95249
کۆنترۆل کوالیتی دەرمان|مستشفى|36.21831|44.03622