Al-Sabtain University For Medical Sciences|جامعة|32.61219|44.00772
AlSafwa University College|جامعة|32.62288|44.00830
Alhussien University|جامعة|32.59855|44.10761
Australian University|جامعة|29.27647|48.05267
College of Administration and Economics, University of Karbala|جامعة|32.60267|44.08877
College of Medicine, University of Karbala, Biochemistry Department|جامعة|32.60916|43.99936
College of applied medical sciences|جامعة|32.60971|44.00253
Dormitories / Morgan compound|جامعة|32.49866|44.44169
Faculty of Administration and Economics University of Babylon|جامعة|32.49937|44.44197
Faculty of Veterinary Medicine, University of Karbala|جامعة|32.60385|44.09219
Jawharat Al Arab Collection|جامعة|31.99389|44.31527
Medical Group of the University of Ahl al-Bayt peace be upon them|جامعة|32.41183|44.19637
University Of Kerbala SPE chapter|جامعة|32.60144|44.08956
University of Karbala|جامعة|32.60966|44.00381
medinat Al Alam University|جامعة|33.37866|44.33612
اعدادية الهاشمية|جامعة|32.37320|44.64990
الجامعة الامريكية|جامعة|33.28566|44.26005
الجامعة التكنولوجية|جامعة|33.31202|44.44723
الجامعة المستنصرية|جامعة|33.36711|44.40266
الكلية التقنية الادارية كوفة|جامعة|32.05676|44.40759
المجمع ألعلمي العراقي|جامعة|33.37086|44.38374
المركز الوطني للكفايات الطبية|جامعة|32.67459|44.07245
المكتبة المركزية|جامعة|29.79395|40.04896
تسجيل كلية الصيدلة|جامعة|32.61001|44.00535
جامعة الأمين الاهلية|جامعة|33.35907|44.38595
جامعة الامام المهدي النموذجية للدراسات الدينية|جامعة|31.99698|44.32587
جامعة البصرة كلية الاداب ابي الخصيب|جامعة|30.43555|47.92438
جامعة البكر|جامعة|33.37653|44.39577
جامعة الجوف|جامعة|29.78486|40.03527
جامعة الحدود الشمالية|جامعة|30.85148|41.19197
جامعة الزهراء للبنات|جامعة|32.65944|44.06317
جامعة الشعب|جامعة|33.25076|44.34946
جامعة الفراهيدي|جامعة|33.27139|44.36131
جامعة الكفيل|جامعة|32.06955|44.29009
جامعة الكوفة|جامعة|32.03091|44.37120
جامعة الكويت - كيفان|جامعة|29.33832|47.95043
جامعة المنارة|جامعة|31.85509|47.13911
جامعة النهرين كلية الطب|جامعة|33.37797|44.32419
جامعة اهل البيت|جامعة|32.64140|43.99445
جامعة باب الزبير|جامعة|30.47864|47.80411
جامعة بغداد|جامعة|33.27273|44.38160
جامعة بغداد - كليه الطب البيطري|جامعة|33.30727|44.26617
جامعة جابر بن حيان للعلوم الطبية|جامعة|32.01163|44.36143
جامعة سومو SOMO University|جامعة|32.50216|44.42397
جامعة كربلاء|جامعة|32.60887|44.00195
جامعة كربلاء / كلية الطب العام|جامعة|32.60912|43.99970
جامعة واسط|جامعة|32.49971|45.84017
دانشکده فنی مهندسی وکشاورزی دهلران|جامعة|32.71025|47.26530
دانشکده نفت آبادان|جامعة|30.33085|48.29865
دانشگاه آزاد اسلامی دره شهر|جامعة|33.14417|47.39472
دانشگاه آزاد خرمشهر|جامعة|30.45510|48.19438
دانشگاه علمی کاربردی|جامعة|32.46091|48.33825
دانشگاه علوم و فنون دریایی خرمشهر|جامعة|30.39872|48.19879
دانشگاه فرهنگیان|جامعة|32.39742|48.40330
دانشگاه فنی و حرفه ای سما واحد دزفول|جامعة|32.39968|48.41962
دانشگاه پیام نور|جامعة|31.54428|48.18729
دانشگاه پیام نور|جامعة|30.34069|48.28332
دانشگاه پیام نور شوش|جامعة|32.18599|48.27077
دانشگاه پیام‌نور دره‌شهر|جامعة|33.14506|47.39100
رئاسة جامعة البصرة|جامعة|30.52053|47.84152
فرع طب الاسرة والمجتمع / كلية الطب|جامعة|32.60934|43.99910
قسم التسجيل وشؤون الطلبة|جامعة|32.39204|44.40043
قسم العلوم الماليه والمصرفيه / كليه إدارة والاقتصاد|جامعة|32.60251|44.08865
قسم الهندسة الكهربائية والالكترونية|جامعة|32.60914|44.00348
قلعة شبيب|جامعة|33.14004|44.19028
كلية الآداب جامعة ذي قار|جامعة|31.02149|46.24914
كلية الإدارة والاقتصاد - القرنة|جامعة|30.99050|47.43641
كلية الاعلام|جامعة|32.67482|44.07243
كلية الباني الجامعة|جامعة|33.30601|44.32632
كلية التربية|جامعة|31.04384|46.23172
كلية التربية الرياضية حي الموظفين|جامعة|32.60910|44.00359
كلية التقنيات الصحية والطبية|جامعة|33.34814|44.38344
كلية الحقوق جامعة النهرين|جامعة|33.37380|44.32452
كلية الشرق الأوسط الجامعة الأهلية|جامعة|33.30814|44.20244
كلية الطب - جامعة القادسية|جامعة|32.00969|44.91119
كلية العلوم|جامعة|32.67500|44.07250
كلية العلوم السياسية جامعة الكوفة|جامعة|31.99861|44.34696
كلية الفقه الجامعة|جامعة|31.99947|44.32856
كلية القانون|جامعة|29.80068|40.05834
كلية الكنوز الجامعة|جامعة|30.53291|47.80761
كلية المستقبل الجامعه|جامعة|32.49307|44.43576
كلية الهادي الجامعة الاهلية|جامعة|33.22639|44.40601
كلية الوركاء|جامعة|30.49696|47.85011
كلية تربية القرنه|جامعة|31.01408|47.42885
كلية طب الاسنان جامعة المثنى|جامعة|31.31688|45.29356
كليه الصيدلة الجامعة المستنصرية|جامعة|33.27433|44.35713
مبنى السنة التحضيرية|جامعة|29.80052|40.06114
مجسرات الكلية التقنية الإدارية النجف|جامعة|31.97161|44.37720
مركز التدريب المهني لخور الزبير|جامعة|30.23237|47.77249
معهد الصناعة|جامعة|30.43267|47.92718
Communication center Hawalli|دائرة حكومية|29.33489|48.01574
Kuwait International Automotive Club (International Driving License)|دائرة حكومية|29.07762|48.13265
Qarmat Ali Water injection station|دائرة حكومية|30.58213|47.68986
اداره برق|دائرة حكومية|31.48221|48.43096
اداره گاز|دائرة حكومية|31.47919|48.42922
الرعاية الاجتماعية|دائرة حكومية|30.46059|47.79392
الشركه العامه للسمنت العراقيه|دائرة حكومية|33.27352|44.46185
اللجان الطبية /البياع|دائرة حكومية|33.27590|44.35048
المجلس البلدي في المسيب|دائرة حكومية|32.77761|44.28335
المركز الوطني للتطوير الاداري وتقنية المعلومات|دائرة حكومية|33.31791|44.43108
المعهد التقني في المسيب|دائرة حكومية|32.79345|44.40556
انترنت العمراني|دائرة حكومية|33.38580|44.47145
بلدية الغدير|دائرة حكومية|33.32396|44.48133
بلدية قلعة صالح|دائرة حكومية|31.51666|47.29173
جسر بزيبز 2|دائرة حكومية|33.14004|44.03662
دائرة الإعمار الهندسي|دائرة حكومية|33.31799|44.39426
دائرة الاعمار الهندسي بابل|دائرة حكومية|32.43138|44.45802
دائرة البلديات|دائرة حكومية|30.47680|47.64815
دائرة التسجيل العقاري/البياع|دائرة حكومية|33.27647|44.34361
دائرة التموين|دائرة حكومية|33.39094|44.42711
دائرة الرعاية الاجتماعية;الرعايه الاجتماعيه|دائرة حكومية|33.37343|44.39675
دائرة المهندس المقيم|دائرة حكومية|33.39734|44.83484
دائرة بيئة بابل|دائرة حكومية|32.46236|44.40931
دائرة حاسبة التموين|دائرة حكومية|33.29845|44.44355
دائرة زراعة المشروع|دائرة حكومية|32.75084|44.60965
دائرة مجاري المسيب|دائرة حكومية|32.77284|44.29317
دائره ماء و مجاري كربلاء|دائرة حكومية|32.58580|44.02289
دانشگاه آزاد اسلامی واحد شوش|دائرة حكومية|32.20790|48.24685
سوق الثلاثاء|دائرة حكومية|33.33174|44.46384
شركة التامين الوطنية العامة|دائرة حكومية|33.33173|44.40604
شورای اسلامی دره‌شهر|دائرة حكومية|33.13428|47.37377
عملي|دائرة حكومية|33.25664|44.37939
غرفة تجارة بابل|دائرة حكومية|32.47026|44.43611
قائمقامية كوثى|دائرة حكومية|32.75149|44.60878
قاعة النشاطات المدرسية في الكوت|دائرة حكومية|32.50966|45.81358
قسم العمليات الطبية|دائرة حكومية|30.50405|47.83433
قصر ايمان|دائرة حكومية|33.31474|44.40266
كم الايني|دائرة حكومية|30.33813|47.62573
كهرباء الصدر/ قطاع البنوك|دائرة حكومية|33.39393|44.40513
مؤسسة الشهداء|دائرة حكومية|33.28907|44.40290
مجلس محافظة بابل|دائرة حكومية|32.50217|44.41709
مجلس مهنة مراقبة وتدقيق الحسابات & الجمعية العراقية للمحاسبين القانونيين|دائرة حكومية|33.30336|44.34741
محطة كهرباء البطحاء|دائرة حكومية|31.11446|45.89315
مخازن الحبوب الشنافية|دائرة حكومية|31.58414|44.63596
مدارس التميز الدائم الأهليه|دائرة حكومية|32.60213|44.02611
مديرية الاشراف التربوي|دائرة حكومية|30.52525|47.80202
مديرية الشباب والرياضه|دائرة حكومية|31.06624|46.24777
مديرية بلديات ذي قار|دائرة حكومية|31.06058|46.24939
مديرية تربية بغداد - الكرخ /2|دائرة حكومية|33.26548|44.34544
مديرية تربية محافظة بابل|دائرة حكومية|32.48452|44.42872
مديرية شؤون احوال الرشيد|دائرة حكومية|33.32930|44.40346
مديرية صيانة مشاريع ري ربزل بغداد|دائرة حكومية|33.23186|44.36892
مديرية مرور البصرة|دائرة حكومية|30.51252|47.84419
مركز بيطرة الشنافية|دائرة حكومية|31.58577|44.64252
مرور اليرموك|دائرة حكومية|33.30273|44.34846
معهد التدريب النفطي|دائرة حكومية|33.37122|44.39554
مقر رئيس الوزراء|دائرة حكومية|33.31138|44.39301
مكتب انتخابات بابل المفوضية العليا المستقلة للانتخابات بابل|دائرة حكومية|32.48202|44.42440
مكتب ولادات و وفيات الزوية|دائرة حكومية|33.28544|44.38748
نفوس الرصافة|دائرة حكومية|33.33249|44.46339
هيئة الاستثمار الوطنية|دائرة حكومية|33.31237|44.40552
وزارة الاتصالات العراقية|دائرة حكومية|33.31931|44.41470
وزارة التربية|دائرة حكومية|33.32777|44.41918
وزارة الخارجية العراقية|دائرة حكومية|33.32005|44.38918
وزارة العمل والشؤون الاجتماعية|دائرة حكومية|33.37275|44.39881
ADMINISTRATIVE BUILDING/DEANS OFFICE|مبنى حكومي|29.32735|47.97904
MOSQUE|مبنى حكومي|29.32658|47.97919
PUBLIC RELATIONS CHAPRA|مبنى حكومي|29.32921|47.97980
إمارة محافظة دومة الجندل|مبنى حكومي|29.80462|39.86733
المحامي مرام قحطان اللهيبي|مبنى حكومي|32.65073|43.98386
المحكمة المؤقته|مبنى حكومي|29.96491|48.47648
بيت ابو زيد|مبنى حكومي|33.30334|44.46096
تسجيل العقاري وكاتب العدل الصدر الأولى|مبنى حكومي|33.36338|44.44178
دائرة التسجيل العقاري|مبنى حكومي|31.72283|46.10441
دائرة كاتب العدل|مبنى حكومي|31.71954|46.10671
دائرة كاتب عدل النهروان|مبنى حكومي|33.37741|44.70667
دادگستری|مبنى حكومي|33.27973|47.51922
دادگستری شهرستان حمیدیه|مبنى حكومي|31.47705|48.44506
دار القضاء في ابي غريب|مبنى حكومي|33.30798|44.19648
دار القضاء في الشعلة|مبنى حكومي|33.36337|44.27990
دار قضاء و محكمة الهارثة|مبنى حكومي|30.61729|47.75091
رئاسة جامعة الكوفة|مبنى حكومي|32.02509|44.37449
رئاسة محكمةاستئناف النجف الاتحاديه|مبنى حكومي|32.00605|44.34338
شهرداری|مبنى حكومي|32.51865|47.37715
شهرداری اندیمشک|مبنى حكومي|32.45536|48.35939
شهرداری دزفول|مبنى حكومي|32.38918|48.39191
شهرداری شهیون|مبنى حكومي|32.61660|48.58895
شهرداری چغابل|مبنى حكومي|33.27954|47.51445
صديقة اعراف|مبنى حكومي|33.34826|44.48676
قائم مقامية المحمودية|مبنى حكومي|33.06766|44.36623
كاتب العدل قضاء الحر|مبنى حكومي|32.64831|43.98860
كتابة العدل برفحا|مبنى حكومي|29.62031|43.54457
مجسر طابقين الصدرين|مبنى حكومي|31.30758|45.28841
مجمع دوائر العدل|مبنى حكومي|32.54448|45.41553
محكمة|مبنى حكومي|33.25839|44.39830
محكمة ابي غرق|مبنى حكومي|32.52804|44.34186
محكمة استئناف النجف الاتحادية|مبنى حكومي|32.00609|44.34234
محكمة استئناف واسط الاتحاديه|مبنى حكومي|32.51538|45.81713
محكمة الإمام|مبنى حكومي|32.67143|44.50133
محكمة الاحوال الشخصيه|مبنى حكومي|31.04537|46.24550
محكمة الاصلاح|مبنى حكومي|31.17719|46.60049
محكمة البياع|مبنى حكومي|33.27909|44.34428
محكمة الحلة القديمة|مبنى حكومي|32.48979|44.43792
محكمة الرفاعي|مبنى حكومي|31.72377|46.10777
محكمة الشطرة|مبنى حكومي|31.40573|46.16160
محكمة الشوملي|مبنى حكومي|32.32508|44.91591
محكمة العسكرية الخامسة|مبنى حكومي|32.48985|44.43843
محكمة الفلوجة|مبنى حكومي|33.35607|43.80365
محكمة الكاظمية|مبنى حكومي|33.38612|44.34298
محكمة الكفل|مبنى حكومي|32.22819|44.37090
محكمة المشروع|مبنى حكومي|32.75012|44.60987
محكمة بداءة الغراف|مبنى حكومي|31.29675|46.24735
محكمة بدائة القرنة|مبنى حكومي|31.02294|47.42512
محكمة بغداد الجديدة|مبنى حكومي|33.33103|44.48034
محكمة جنايات ذي قار / الهيئة الثانية|مبنى حكومي|31.41424|46.16853
محكمة عفك|مبنى حكومي|32.06477|45.24407
محكمة قلعة سكر|مبنى حكومي|31.87467|46.06962
محكمة قوى الامن الداخلي المنطقة الخامسة في البصرة|مبنى حكومي|30.51645|47.82189
محكمة ناحية النيل|مبنى حكومي|32.53908|44.54125
محكمه|مبنى حكومي|30.51368|47.83154
محكمه النيل|مبنى حكومي|32.54122|44.54218
مديرية بلدية الهارثة|مبنى حكومي|30.61520|47.75214
مديرية رعاية القاصرين|مبنى حكومي|33.31792|44.37034
مكتب التحقيق القضائي في الرميثة|مبنى حكومي|31.53149|45.20268
کوفي شوب الاندلس Hl0057|مبنى حكومي|32.45606|44.40785
Al Kazimiyah Pediatric|مستشفى|33.37670|44.34354
BAGHDAD MEDICAL RESEARCH CENTER NUCLEAR|مستشفى|33.31708|44.42922
Government Hospital|مستشفى|29.03521|48.12203
Qurain Health Center (Specialized)|مستشفى|29.23367|48.06526
Shuwaikh Residential Primary Healthcare Center|مستشفى|29.35403|47.95067
ابن البلدي الزهراوي|مستشفى|33.38991|44.42634
العيادة (د.أحمد شويلية)|مستشفى|32.44673|44.40758
المركز التخصصي لطب الأسنان|مستشفى|32.00100|44.33800
المركز الصحي|مستشفى|31.57484|44.64043
المركز الصحي البشائر|مستشفى|32.12468|46.11636
المركز الصحي الطويسات|مستشفى|32.37019|45.94753
المركز الصحي عمار بن ياسر|مستشفى|32.40031|46.22519
المستوصف البيطري|مستشفى|31.57990|47.16901
المستوصف الصحي في حي المعلمين 2|مستشفى|32.76064|44.28403
دائرة صحة البصرة|مستشفى|30.49722|47.79195
دائرة صحة واسط|مستشفى|32.51115|45.82729
شعبة الاسعاف الفوري كربلاء|مستشفى|32.60069|44.02887
طبابة البرجسية|مستشفى|30.36258|47.62273
عيادة حاج فلويحي|مستشفى|30.93014|46.78956
قطاع المركز|مستشفى|32.59874|44.00643
مجمع اللبناني للاسنان|مستشفى|32.00465|44.35097
مجمع طبي|مستشفى|31.31269|45.28384
مختبر الصحة العامة المركزي|مستشفى|33.31684|44.42814
مركز ابو صخير الصحي|مستشفى|30.56019|47.73601
مركز الامام الحسين لعلاج الاورام وامراض الدم|مستشفى|32.58563|44.02874
مركز الخالصة للرعاية الصحية الاولية|مستشفى|31.41484|46.16533
مركز الزهور للرعاية الصحية|مستشفى|31.40196|46.15598
مركز الشهيد هيثم سلمان لتقويم الأسنان|مستشفى|31.85061|47.15674
مركز الناصرية للقلب|مستشفى|31.08070|46.24751
مركز حي المعلمين للرعاية الصحية|مستشفى|31.40269|46.16844
مركز صحي|مستشفى|32.55305|45.41736
مركز صحي الجولان|مستشفى|33.36387|43.77231
مركز صحي العباسية الشرقية|مستشفى|32.61109|44.04066
مركز صحي المشروع|مستشفى|32.74717|44.61434
مركز صحي ثوره العشرين|مستشفى|31.53064|45.20448
مركز طيبة لعلاج العقم (الدكتور عدنان البديري)|مستشفى|32.46713|44.40975
مستشفى ابن الخطيب|مستشفى|33.22450|44.51168
مستشفى ابن زهر|مستشفى|33.22343|44.51132
مستشفى ابي الخصيب العام|مستشفى|30.45137|47.99174
مستشفى الإمام زين العابدين (عليه السلام);المركز الدولي للجراحات التخصصية|مستشفى|32.62542|44.03405
مستشفى البنوك|مستشفى|33.39999|44.40269
مستشفى الجامعة الاهلي|مستشفى|33.32349|44.32418
مستشفى الحارثية الاهلي|مستشفى|33.31094|44.36467
مستشفى الحكيم|مستشفى|32.00728|44.34557
مستشفى الديوانية التعليمي|مستشفى|32.00935|44.91542
مستشفى الرميثة العام|مستشفى|31.51970|45.19646
مستشفى الزهراء التعليمي|مستشفى|32.52465|45.80492
مستشفى الزهراوي الجراحي|مستشفى|31.83979|47.14995
مستشفى السفير الامام حسین الجراحي|مستشفى|32.61670|44.03153
مستشفى الشامية|مستشفى|31.95226|44.58192
مستشفى الشيخ زايد|مستشفى|33.31643|44.42853
مستشفى العيون الاهلي|مستشفى|33.36554|44.38876
مستشفى الفرات الاوسط|مستشفى|32.03393|44.38985
مستشفى الفلوجة التعليمي|مستشفى|33.35528|43.79241
مستشفى القمة الجراحي alqimma surgical hospital|مستشفى|33.35546|44.35416
مستشفى الكرخ العام|مستشفى|33.35069|44.36384
مستشفى المدائن|مستشفى|33.10580|44.57410
مستشفى المشخاب|مستشفى|31.80777|44.49123
مستشفى النور للاطفال|مستشفى|32.49156|44.44187
مستشفى الواسطي|مستشفى|33.31894|44.43230
مستشفى بغداد للجراحة اليومية|مستشفى|33.30935|44.36278
مستشفى حياة الراهبات|مستشفى|33.30537|44.43753
مستشفى صباح|مستشفى|29.32610|47.90407
مستشفى مرجان|مستشفى|32.50903|44.44382
مستفى الراشد|مستشفى|29.32841|48.05598
مستوصف أبو هرطمان|مستشفى|32.40599|44.80662
مستوصف الامين|مستشفى|33.31916|44.49490
مستوصف الحجازية|مستشفى|32.01185|44.58371
مستوصف الشامية|مستشفى|29.35406|47.96526
مستوصف الشهيد الكعبي|مستشفى|33.37104|44.43877
مستوصف الطحينية|مستشفى|32.03025|44.62966
مستوصف الفيحاء|مستشفى|29.34880|48.00295
مستوصف الهرد|مستشفى|31.63025|44.68057
مستوصف حي العداله|مستشفى|32.02214|44.36019
مستوصف فاضل حسن|مستشفى|33.19354|44.40917
مصرف الدم|مستشفى|31.99319|44.91175
مقر ادارة الوردية|مستشفى|33.18572|44.54048
AITE Departmen Laboratories|جامعة|36.14569|44.01783
College of Civil Engineering|جامعة|36.23637|44.86203
Directorate of Engineering & Projects|جامعة|36.65051|44.53012
Erbil Technical Administrative Institute - Accounting Department|جامعة|36.14442|44.01709
Harran Üniversitesi Eyyübiye Kampüsü|جامعة|37.11998|38.82006
Kamyaran Payame Noor|جامعة|34.80261|46.94033
Library & Cultural Center of Erbil Polytechnic University|جامعة|36.14346|44.01703
Qotabxane|جامعة|37.05503|43.65015
Soran Technical College|جامعة|36.69643|44.53257
UKH - School of Medicine Campus|جامعة|36.23342|44.06260
University of Raparin Dormitory|جامعة|36.20301|45.08830
khabat private College|جامعة|36.27635|43.67682
آموزش عالی آبادانی و توسعه|جامعة|34.78148|48.51443
الجامعة إربيل الكاثوليكية|جامعة|36.22681|43.99601
المعهد التقني /قسم الادارة/حسين كامل|جامعة|33.74274|44.65835
النادي الطلابي|جامعة|33.74331|44.62604
ثانوية القائد|جامعة|34.09561|45.05530
جامعة الأنبار|جامعة|33.40236|43.26266
جامعة الجزيرة|جامعة|35.37747|40.08495
جامعة الفرات كلية الاداب|جامعة|35.34515|40.13713
جامعة المأمون الخاصة|جامعة|36.95932|41.14533
جامعة الهدى الاهلية|جامعة|33.42601|43.25896
جامعة دهوك|جامعة|36.86178|42.98734
جامعة صدام|جامعة|33.64832|43.40605
جهاد دانشگاهی|جامعة|34.79682|48.50549
حوزه علمیه واحد خواهران|جامعة|34.76695|47.59199
داشگاه پیام نور بانه|جامعة|36.01023|45.86349
دانشکده بهداشت و پیراپزشکى شعبه۲|جامعة|36.66552|48.51391
دانشکده دامپزشکی دانشگاه رازی|جامعة|34.31791|47.10854
دانشکده فنی الغدیر زنجان|جامعة|36.66514|48.51976
دانشکده فنی و حرفه ای سما واحد کرمانشاه|جامعة|34.36333|47.08709
دانشکده مهندسی|جامعة|34.38871|47.11110
دانشکده پرستاری و پیراپزشکی دانشگاه آزاد اسلامی|جامعة|34.33461|47.09219
دانشکده پیراپزشکی و پرستاری|جامعة|34.33015|47.05017
دانشکده کشاورزی رازی|جامعة|34.32480|47.09931
دانشگاه آزاد|جامعة|35.30291|47.00258
دانشگاه آزاد اسلام آباد غرب|جامعة|34.09769|46.57997
دانشگاه آزاد اسلامی سردشت|جامعة|36.16565|45.47107
دانشگاه آزاد اسلامی همدان|جامعة|34.84690|48.56049
دانشگاه آزاد اسلامی واحد تویسرکان|جامعة|34.54927|48.42985
دانشگاه آزاد اسلامی واحد شاهین دژ|جامعة|36.69581|46.55595
دانشگاه آزاد اسلامی واحد ملکان|جامعة|37.18790|46.08665
دانشگاه آزاد اسلامی پیرانشهر|جامعة|36.70610|45.13949
دانشگاه آزاد تکاب|جامعة|36.40901|47.10548
دانشگاه آزاد قصرشیرین|جامعة|34.50694|45.59199
دانشگاه آزاد نقده|جامعة|36.98017|45.39250
دانشگاه آزاد واحد علوم انسانی )|جامعة|35.30949|47.00361
دانشگاه آموزش عالی|جامعة|33.85720|48.26222
دانشگاه امام حسین سپاه انصارالحسین|جامعة|34.81212|48.51098
دانشگاه بوعلی سینا|جامعة|34.79561|48.48431
دانشگاه جامع علمی کاربردی استان ایلام|جامعة|33.63753|46.39248
دانشگاه رازی جوانرود|جامعة|34.80314|46.50671
دانشگاه سما|جامعة|36.95940|46.11900
دانشگاه صنعت و معدن ( در دست ساخت)|جامعة|35.15936|47.82025
دانشگاه علمی و کاربردی صنعت  برق شهید عباسپور|جامعة|36.69288|48.47789
دانشگاه علمی کاربردی|جامعة|36.96479|46.11011
دانشگاه علمی کاربردی امام رضا|جامعة|34.11213|46.54106
دانشگاه علمی کاربردی نهاوند|جامعة|34.19098|48.36724
دانشگاه علوم پزشکی|جامعة|33.51078|48.36945
دانشگاه علوم پزشکی لرستان|جامعة|33.48390|48.40660
دانشگاه علوم پزشکی و خدمات درمانی استان زنجان|جامعة|36.70087|48.51265
دانشگاه غیر انتفاعی روزبه|جامعة|36.66104|48.54630
دانشگاه فرهنگیان|جامعة|36.66322|48.52008
دانشگاه فرهنگیان زنجان پردیس الزهرا|جامعة|36.68090|48.50192
دانشگاه فرهنگیان پردیس شهید مقصودی همدان|جامعة|34.80843|48.52043
دانشگاه فنی و حرفه ای دختران|جامعة|35.29698|46.98660
دانشگاه فنی و حرفه‌ای یزدان پناه|جامعة|35.33567|47.01139
دانشگاه مذاهب اسلامی|جامعة|35.32219|46.98334
دانشگاه ملی مهارت-آموزشکده ملی مهارت پسران ایلام|جامعة|33.64690|46.43200
دانشگاه پیام نور|جامعة|35.91827|47.01687
دانشگاه پیام نور|جامعة|36.94629|46.08825
دانشگاه پیام نور|جامعة|33.53207|47.61240
دانشگاه پیام نور|جامعة|34.89830|48.44142
دانشگاه پیام نور استان لرستان|جامعة|33.50036|48.34507
دانشگاه پیام نور بیجار|جامعة|35.88623|47.58509
دانشگاه پیام نور تکاب|جامعة|36.38614|47.13325
دانشگاه پیام نور زنجان|جامعة|36.68503|48.49884
دانشگاه پیام نور شهر قره آغاج|جامعة|37.13373|46.96587
دانشگاه پیام نور مرکز شاهین دژ|جامعة|36.66001|46.56910
دانشگاه پیام نور هەرسین|جامعة|34.27345|47.55185
دانشگاه پیام نور واحد نورآباد دلفان|جامعة|34.04293|48.00239
دانشگاه پیام نور کرمانشاه|جامعة|34.34518|47.12947
دانشگاه پیرا پزشکی|جامعة|34.18265|48.37288
زانكۆيا نەورۆز - دهۆک|جامعة|36.86051|42.89656
زانکۆی بەیان|جامعة|36.21805|44.01136
زانکۆی سلێمانی|جامعة|35.57684|45.36197
زانکۆی سەلاحەدین-هەولێر|جامعة|36.14355|44.02495
زانکۆی لوبنانیی فەڕەنسیی|جامعة|36.17017|43.95536
زانکۆی نێودەوڵەتی تیشک|جامعة|36.16898|43.95768
زانکۆی هەڵەبجە|جامعة|35.17176|46.02271
زانکۆی ڕاپەڕین|جامعة|36.23936|44.86075
زانکۆی کۆیە|جامعة|36.09770|44.65344
زانکۆی گەرمیان|جامعة|34.65388|45.35561
زانکۆیا دهۆک|جامعة|36.86455|42.92176
ستاد دانشگاه علوم پزشکی لرستان|جامعة|33.48911|48.35821
سەرۆکایەتی زانکۆی چەرموو|جامعة|35.53406|44.83210
علوم پزشکی|جامعة|33.63691|46.40580
قوتابخانه|جامعة|36.86976|42.90345
كلية الامام الجامعة الاهلية|جامعة|34.67459|43.62916
كلية الزراعة|جامعة|33.42840|43.33717
كلية المفتوحة كركوك|جامعة|35.42530|44.36350
كلية طب الاسنان جامعة كركوك|جامعة|35.45769|44.38684
متوسطة الصديق|جامعة|33.43342|43.48296
مركز تدريب الهندسة العسكرية|جامعة|33.55125|44.51819
مرکز آموزش کشاورزی|جامعة|35.27745|47.00918
معهد التكنلوجيا|جامعة|36.37914|43.15076
معهد تقني كركوك|جامعة|35.41772|44.34142
پردیس دانشگاه علوم پزشکى زنجان|جامعة|36.66237|48.51235
پردیس کشاورزی و منابع طبیعی دانشگاه رازی|جامعة|34.32701|47.10702
پیام نور بوکان|جامعة|36.55067|46.21248
پەیمانگای بەهرە|جامعة|34.67922|44.98973
پەیمانگای تەکنیکی چەمچەماڵ|جامعة|35.54091|44.84511
کۆلیژی پۆلیسی ھەولێر|جامعة|36.25243|44.13685
Board of Tourism Kurdistan|دائرة حكومية|36.18043|44.00287
Ministry of Natural Ressources|دائرة حكومية|36.19430|43.99842
Semel Construction Lab|دائرة حكومية|36.85259|42.85816
Veguhestin|دائرة حكومية|37.05074|41.24679
آزمایشگاه مکانیک خاک|دائرة حكومية|36.11314|48.58487
ئەنجومەنی وەزیرانی هەرێمی کوردستان|دائرة حكومية|36.19406|43.99590
اداره استاندارد استان کردستان|دائرة حكومية|35.30782|47.01084
اداره ثبت اسناد|دائرة حكومية|34.45858|45.87072
اداره دامپزشکی|دائرة حكومية|33.83049|46.31107
اداره منابع طبیعی|دائرة حكومية|35.87699|47.59351
اداره کار و رفاه اجتماعی|دائرة حكومية|35.29834|46.99602
اداره کل تامین اجتماعی استان کردستان|دائرة حكومية|35.30711|47.01066
اداره کل فرهنگ و ارشاد اسلامی کرمانشاه|دائرة حكومية|34.33242|47.08497
اداره کل کمیته امداد استان کردستان|دائرة حكومية|35.30743|47.00997
الانواء الجوية|دائرة حكومية|34.57564|43.68287
امور آب و فاضلاب شهری|دائرة حكومية|36.76110|45.70682
بخشداری مریوان|دائرة حكومية|35.52870|46.17331
بنیاد مسکن سنندج|دائرة حكومية|35.33133|46.98795
بهداشت و درمان منطقه غرب|دائرة حكومية|34.32619|47.07597
بەڕێوبەرایەتی پەروەردەی ڕۆژاوای سلێمانی|دائرة حكومية|35.55773|45.42397
بەڕێوەبەرایەتی کۆچ و کۆچبەران|دائرة حكومية|36.18994|44.04020
بەڕێوەبەرایەتی گشتی شارەوانییەکان|دائرة حكومية|36.17482|44.00534
بەڕێوەبەرایەتی گشتی پەروەردەی پارێزگای ھەڵەبجە|دائرة حكومية|35.17845|45.97512
تاقیگەی بیناسازی هەولێر|دائرة حكومية|36.20485|44.00106
تاکسیرانی|دائرة حكومية|35.31375|47.00654
تعزیرات حکومتی|دائرة حكومية|34.34249|47.09027
تنفيذ الزهور|دائرة حكومية|33.53104|44.38631
جهاد کشاورزى شاهین دژ|دائرة حكومية|36.67605|46.57353
دائرة احوال سامراء|دائرة حكومية|34.19875|43.88691
دائرة جنسية هيت|دائرة حكومية|33.64191|42.81872
دائرة صيانة كهرباء تكريت|دائرة حكومية|34.61077|43.67683
دانشگاه جامع علمی کاربردی استان کردستان|دائرة حكومية|35.30804|47.01199
دفتر پیشخوان دولت|دائرة حكومية|36.15582|45.48363
ده‌سته‌ی گشتی گه‌شتوگوزار|دائرة حكومية|36.18067|44.00866
دەزگای ئاراس|دائرة حكومية|36.21864|44.02355
رێڤەبەریا ساخلەمیا زاخو|دائرة حكومية|37.14571|42.64468
رێڤەبەریا چاندنێ و ژێدەرێن ئاڤێ|دائرة حكومية|36.85748|42.85336
سازمان بهسازی و نوسازی شهرداری|دائرة حكومية|35.31372|47.00676
سازمان فنی و حرفه ای|دائرة حكومية|35.31372|46.99196
سازمان پارک ها و فضای سبز شهرداری سنندج|دائرة حكومية|35.31230|46.97199
سەنتەری ڕۆشنا|دائرة حكومية|35.10867|45.68700
شارەوانیی بنەسڵاوە|دائرة حكومية|36.15472|44.11503
شرکت توزیع نیروی برق استان لرستان|دائرة حكومية|33.51909|48.35727
شهرداری منطقه یک|دائرة حكومية|35.32730|46.99148
عمارة|دائرة حكومية|33.64209|42.81900
فوجي 2 هيزي 1 سوپاي 5|دائرة حكومية|36.20728|43.87538
فەرمانگەی پاسپۆرتی کەلار|دائرة حكومية|34.63412|45.30918
قایمقامیەتا ئاکرێ|دائرة حكومية|36.73211|43.87871
قوات أساييش روج آفا|دائرة حكومية|37.05727|41.22952
كمارك صلاح الدين|دائرة حكومية|34.58642|43.68397
مخابرات|دائرة حكومية|35.31367|46.99652
مديرية بلدية التاجي|دائرة حكومية|33.46173|44.15226
مديرية توزيع كهرباء ديالى|دائرة حكومية|33.74618|44.62418
مديرية زراعة صلاح الدين|دائرة حكومية|34.58331|43.68385
مركز حي المعلمين للمنتوجات النفطية - Mualimen Oil Government Center|دائرة حكومية|35.42848|44.37849
مرکز بهداشت سنندج|دائرة حكومية|35.31946|47.00035
مرکز حفاظت محیط زیست آبیدر|دائرة حكومية|35.31354|46.96926
معاونت درمان علوم پزشکی|دائرة حكومية|35.30799|46.99466
مكتب ديالى|دائرة حكومية|33.75239|44.61010
میوانخانەی زانکۆی سه‌لاحه‌دین|دائرة حكومية|36.14812|44.03019
نظام مهندسی کردستان|دائرة حكومية|35.31203|46.97895
نقابة محامي كردستان|دائرة حكومية|36.16935|44.01136
وزرات امور خارجه - نمایندگی استان کردستان|دائرة حكومية|35.32267|46.99016
وەزارەتی کشتوکاڵ|دائرة حكومية|36.15981|44.01063
پزشکی قانونی ۱|دائرة حكومية|35.30733|46.99528
ڕێڤەبەرییا گشتییا ساخلەمییا دھۆکێ|دائرة حكومية|36.84803|43.00670
کشتوکاڵ|دائرة حكومية|34.68525|44.95788
کمیته امداد امام خمینی|دائرة حكومية|34.33172|47.08389
گومرگی دەربەندیخان|دائرة حكومية|35.10523|45.68834
Civil-Military Operations Center (CMOC)|مبنى حكومي|34.13782|42.37308
Harir Primary Court|مبنى حكومي|36.54941|44.35299
Raparinhall|مبنى حكومي|35.56632|45.44414
Xandak|مبنى حكومي|37.18369|42.97454
اجرای احکام مدنی و کیفری|مبنى حكومي|33.64256|46.43635
القسم البلدي الخامس|مبنى حكومي|33.41880|43.30419
المحكمة العسكرية السابعة|مبنى حكومي|33.78177|44.59614
المحكمه الكمركيه في الرمادي|مبنى حكومي|33.42646|43.28590
امجد|مبنى حكومي|36.38720|43.16910
بلدية اليوسفية|مبنى حكومي|36.93541|41.95742
به‌ڕێوه‌به‌رایه‌تى دادى ده‌ربه‌ندیخان|مبنى حكومي|35.12361|45.67147
تالار ارم|مبنى حكومي|36.96153|46.10727
تالار میرداماد|مبنى حكومي|36.95556|46.31643
تحقيق|مبنى حكومي|36.34853|43.15372
حاجى صالح بگ|مبنى حكومي|36.35908|44.60903
دائرة كانب عدل مسائي|مبنى حكومي|36.33541|43.14115
دادسرای عمومی و انقلاب شهرستان کرمانشاه|مبنى حكومي|34.30656|47.06959
دادگاه|مبنى حكومي|33.73005|47.07009
دادگاه|مبنى حكومي|36.55215|47.62037
دادگاه|مبنى حكومي|33.47806|47.23839
دادگاه دهگلان|مبنى حكومي|35.27564|47.41670
دادگای خەبات|مبنى حكومي|36.26702|43.65616
دادگستری|مبنى حكومي|35.31125|46.36948
دادگستری ثلاث باباجانی|مبنى حكومي|34.73645|46.15462
دادگستری شاهین دژ|مبنى حكومي|36.68642|46.55941
دادگستری شهرستان دلفان|مبنى حكومي|34.05085|47.98669
دادگستری شهرستان ملکان|مبنى حكومي|37.16345|46.09388
دادگستری چاراویماق|مبنى حكومي|37.13611|46.98632
دهیاری|مبنى حكومي|34.08853|48.58240
رئاسة محكمة استئناف الانبار الاتحادية|مبنى حكومي|33.43673|43.26562
ساختمان شورای شهر|مبنى حكومي|34.08147|47.97160
شارەوانیی قەرەناو|مبنى حكومي|35.86134|44.59528
شهرداری|مبنى حكومي|33.90091|48.09872
شهرداری|مبنى حكومي|35.05958|47.15116
شهرداری|مبنى حكومي|34.68497|46.29579
شهرداری|مبنى حكومي|34.51115|48.07449
شهرداری|مبنى حكومي|35.76654|48.11880
شهرداری ایوان|مبنى حكومي|33.83004|46.30227
شهرداری بیجار|مبنى حكومي|35.86981|47.60495
شهرداری روانسر|مبنى حكومي|34.71378|46.65361
شهرداری سقز|مبنى حكومي|36.23607|46.26251
شهرداری صحنه|مبنى حكومي|34.48240|47.67347
شهرداری قیدار|مبنى حكومي|36.11933|48.59421
شهرداری منطقه ۵|مبنى حكومي|34.38171|47.13114
شهرداری کرسف|مبنى حكومي|36.04400|48.51081
شورای حل اختلاف استان کرمانشاه|مبنى حكومي|34.34292|47.09057
شورای حل اختلاف مریوان|مبنى حكومي|35.51744|46.18423
فرمانداری شهرستان بیجار|مبنى حكومي|35.87398|47.59941
فەرمانگەی دادنووسی دارەتوو|مبنى حكومي|36.13129|44.02766
قصر العدالة في تكريت|مبنى حكومي|34.61456|43.67252
كاتب عدل|مبنى حكومي|36.86366|42.99937
مالا فانمایێ|مبنى حكومي|36.15222|43.85279
ماڵی پلکم شنۆ|مبنى حكومي|36.17270|44.04034
مجلس رابطة عفرين اجتماعي|مبنى حكومي|37.04738|41.21376
محكمة استئناف سامراء|مبنى حكومي|34.19689|43.88600
محكمة التعويضات عن الأعمال الارهابية|مبنى حكومي|36.34844|43.15245
محكمة الزهور|مبنى حكومي|33.53242|44.38618
محكمة الصينية|مبنى حكومي|34.93072|43.41311
محكمة المنصورية|مبنى حكومي|34.06988|44.86664
محكمة بداءة زاخو|مبنى حكومي|37.16023|42.67922
محكمة بلدروز|مبنى حكومي|33.69741|45.06579
محكمة ديالى|مبنى حكومي|33.74627|44.64920
محكمة سنجار|مبنى حكومي|36.32274|41.85342
محكمة ليلان|مبنى حكومي|35.31554|44.51189
محكمه بردەرش٪|مبنى حكومي|36.50238|43.60274
محمكة جلولاء|مبنى حكومي|34.26696|45.15845
مركز توقيف الاحداث|مبنى حكومي|35.46530|44.38283
ناحيةى حاجى ئؤمةران|مبنى حكومي|36.67642|45.03635
نقلیه شهرداری|مبنى حكومي|34.07953|47.97822
هۆڵی حاجی عەلی|مبنى حكومي|35.25620|45.93796
هۆڵی ڕۆشنبیری کەلار|مبنى حكومي|34.62284|45.30660
که شو هه وا|مبنى حكومي|37.14425|42.67310
Azadi|مركز شرطة|36.08192|44.64956
Goraz Security Station|مركز شرطة|36.65049|44.52204
Kalar check point|مركز شرطة|34.58445|45.30860
Police Station|مركز شرطة|36.55600|44.34893
hatwchoy ama|مركز شرطة|36.17953|44.02684
police bargre friakawtn|مركز شرطة|35.51440|45.39955
ئاسایشی زەیتوونە|مركز شرطة|36.13937|44.06422
اداره آگاهی شهرستان خدابنده|مركز شرطة|36.11878|48.59450
اســـامــة الـــغــراوي كان هنا|مركز شرطة|34.36522|43.01386
الأمن الجنائي|مركز شرطة|37.05358|41.22087
العين|مركز شرطة|33.41917|45.94256
النقطة الاولى|مركز شرطة|34.09548|43.68835
النقطة الثالثة|مركز شرطة|34.05635|43.69346
النقطة الثانية|مركز شرطة|34.07342|43.69483
النقطة الرابعة|مركز شرطة|34.05615|43.69319
النقطة السادسة|مركز شرطة|34.03577|43.70656
باب النظام الخارجي|مركز شرطة|36.73195|42.59626
بنكەی نەهێشتنی تاوانی بنەسڵاوە|مركز شرطة|36.15587|44.12559
بنکەی پۆلیسی ئازادی|مركز شرطة|36.16540|44.01016
بنکەی پۆلیسی بنگرد|مركز شرطة|36.06712|45.04431
بنکەی پۆلیسی بەحرکە|مركز شرطة|36.31172|44.02908
بنکەی پۆلیسی دەربەند باسەڕە|مركز شرطة|35.44046|45.13987
بنکەی پۆلیسی سەرشەقام|مركز شرطة|35.53705|45.43921
بنکەی پۆلیسی هەوارە بەرزە|مركز شرطة|35.12224|45.67432
بنگةهى پوليسين سةرهلدان|مركز شرطة|36.85256|43.02878
به‌رێوبه‌رایه‌تی هاتووچۆی خه‌بات|مركز شرطة|36.27077|43.67346
بەڕێوبەرایەتی پۆلیسی ڕاپەڕین|مركز شرطة|36.26355|44.84258
جسر تكريت|مركز شرطة|34.66200|43.70888
خاڵی پشکنینی فڕۆکەخانەی نێودەوڵەتی هەولێر|مركز شرطة|36.21566|43.96983
دائرة مرور نينوى|مركز شرطة|36.40874|43.19199
ريفه‌به‌ری به‌رهنگاربونا توندتیژی دژی ئافره‌تا|مركز شرطة|36.85175|42.93647
سيطرة اجحيش|مركز شرطة|35.33779|43.76655
سيطرة الدور|مركز شرطة|34.22033|43.88309
سيطرة الغالبية|مركز شرطة|33.71731|44.47229
سيطرة بلد|مركز شرطة|34.00695|44.06226
سيطرة س 10|مركز شرطة|33.99460|44.15091
سيطرة مدخل دوميز / فلسطين|مركز شرطة|36.31303|43.19942
شرطة المرور|مركز شرطة|34.69429|44.95667
عمليات غرب سامراء|مركز شرطة|34.15515|43.83791
فرماندهی پلیس راه استان کرمانشاه|مركز شرطة|34.31935|47.07006
فولکه ی مروران|مركز شرطة|36.18200|45.12762
قسم شرطة العلم|مركز شرطة|34.68684|43.71190
مجلس محافظه|مركز شرطة|33.74558|44.64008
مخفر أم الخبازي|مركز شرطة|36.59429|41.84533
مخفر الأنبار|مركز شرطة|35.35971|41.27554
مخفر الرويشدية|مركز شرطة|35.22040|41.22479
مخفر المعدن|مركز شرطة|35.73333|39.61667
مخفر تل مشرف|مركز شرطة|36.54130|41.52767
مخفر حدود أربعة عشر رمضان|مركز شرطة|34.86653|41.22916
مخفر حدود التأمیم|مركز شرطة|34.00804|45.45241
مخفر حدود الحربة|مركز شرطة|33.84511|45.55347
مخفر حدود الزهور|مركز شرطة|34.25997|45.53815
مخفر حدود العافقی|مركز شرطة|34.33366|45.49759
مخفر حدود الفدمة|مركز شرطة|33.92746|45.50590
مخفر حدود الكعودي|مركز شرطة|34.70325|41.16830
مخفر حدود المقداد|مركز شرطة|34.43048|45.45249
مخفر حدود النصر|مركز شرطة|34.22156|45.49896
مخفر حدود الياسين|مركز شرطة|34.35583|45.46427
مخفر حدود حزیفة|مركز شرطة|34.56315|45.67673
مخفر حدود حمورابي|مركز شرطة|34.76111|41.21333
مخفر حدود زین القوس|مركز شرطة|34.31597|45.55635
مخفر حدود طه الجديد|مركز شرطة|34.23080|45.55772
مخفر حدود عتبة بن غزوان|مركز شرطة|34.55905|45.47013
مخفر حدود عقبة بن نافع|مركز شرطة|34.17943|45.52208
مخفر حدود علی بن ابی طالب|مركز شرطة|34.01456|45.46389
مخفر حدود موسى الکاظم|مركز شرطة|34.77821|45.67268
مخفر حدود ١٤ رمضان|مركز شرطة|34.86644|41.22961
مخفر شرطة أرتيمي|مركز شرطة|33.91370|39.94576
مخفر شرطة ازمر|مركز شرطة|35.63635|45.46594
مخفر شرطة الصليبية|مركز شرطة|33.53220|39.10352
مخفر شرطة المنايف|مركز شرطة|35.41448|41.96048
مخفر شرطة بئر عكلة|مركز شرطة|36.79075|42.21533
مخفر شرطة جسر أبو حجر|مركز شرطة|34.11516|44.91237
مخفر شرطة سري بردي|مركز شرطة|36.74583|44.58474
مخفر شرطة صويب|مركز شرطة|33.64238|44.58373
مخفر شرطة قزلجة|مركز شرطة|35.67683|45.87047
مخفر شرطة كرخوش|مركز شرطة|33.72561|45.27619
مخفر شرطة كورنينة|مركز شرطة|35.96246|45.40899
مخفر شرطة مندان|مركز شرطة|36.48472|43.52016
مخفر شرطة ولياوة|مركز شرطة|35.69475|45.65555
مخفر كمرك طريفاوي|مركز شرطة|35.13628|41.36109
مخفر واحد حزيران|مركز شرطة|35.06902|41.22733
مدخل مطار اربيل|مركز شرطة|36.21805|43.96468
مديرية المقداديهx|مركز شرطة|33.97852|44.93133
مديرية شرطة ام الربيعين|مركز شرطة|36.34709|43.14253
مديرية شرطة سنجار|مركز شرطة|36.31750|41.84985
مركز الشرطة بختاياري|مركز شرطة|36.21290|43.98219
مركز شرطة|مركز شرطة|33.45992|44.14775
مركز شرطة آل بو بالي|مركز شرطة|33.44873|43.46248
مركز شرطة الإمامين|مركز شرطة|34.19613|43.88204
مركز شرطة الجوادين|مركز شرطة|33.46012|44.14758
مركز شرطة الدبس|مركز شرطة|35.67479|44.07424
مركز شرطة الشيخ فتحي|مركز شرطة|36.35551|43.10459
مركز شرطة العظيم|مركز شرطة|34.29118|44.53542
مركز شرطة المتوكل|مركز شرطة|34.19771|43.88240
مركز شرطة بلد|مركز شرطة|34.01354|44.14694
مركز شرطة تكريت|مركز شرطة|34.60918|43.67797
مركز شرطة عرفة|مركز شرطة|35.48624|44.37189
مركز شرطة قنديل|مركز شرطة|36.63971|44.21941
مركز شرطة محمد سكران|مركز شرطة|33.56726|44.44994
مركز شرطه الشرقي|مركز شرطة|33.74984|44.65251
مرور نينوى المركز|مركز شرطة|36.35174|43.15188
معسكر قوات التركمان|مركز شرطة|34.79820|44.61672
مقر السرية الاولى لمش41|مركز شرطة|33.78172|43.61336
مقر الفوج الاول|مركز شرطة|33.96802|43.78292
مقر ل4 ش.ا|مركز شرطة|33.74469|44.62031
مكتب دفع مستحقات كراج المطار لرجال الاعمال|مركز شرطة|36.21914|43.96108
ملحق كاني عطار 2|مركز شرطة|36.73122|42.00054
ملحق واحد|مركز شرطة|35.12897|41.24246
ملحق ٣|مركز شرطة|35.28359|41.26646
موقف الشرطة|مركز شرطة|36.32262|41.85337
ناحيا زاويته|مركز شرطة|36.90429|43.13524
نقطة ال 400|مركز شرطة|34.13736|44.94491
نقطة شنف 6544|مركز شرطة|36.08997|43.45394
نیروی انتظامی|مركز شرطة|35.04487|46.35525
هاتووچۆی دەرەوەی شار|مركز شرطة|36.64731|44.49925
پاسگاه بالارود|مركز شرطة|35.10250|46.30810
پلیس|مركز شرطة|34.45999|45.86169
پلیس|مركز شرطة|34.33518|46.13831
پلیس|مركز شرطة|34.52842|45.60285
پلیس|مركز شرطة|36.69324|48.51140
پلیس آگاهی|مركز شرطة|35.87005|47.60272
پلیس راه|مركز شرطة|33.95794|46.36544
پلیس راه آهن کرمانشاه|مركز شرطة|34.33803|47.12934
پلیس راهنمایی و رانندگی|مركز شرطة|36.76998|45.72215
پۆلیس|مركز شرطة|36.64594|44.54362
پۆلیسی دارستان|مركز شرطة|34.69273|44.95566
پۆلیسی چۆمان|مركز شرطة|36.64079|44.89251
کلانتری|مركز شرطة|34.51275|45.57583
کلانتری 13 سنندج|مركز شرطة|35.31086|46.99893
کلانتری گرماب|مركز شرطة|35.84629|48.20077
که رتی پولیسی سه را. Sara|مركز شرطة|35.55708|45.43686
یگان ویژه استان همدان|مركز شرطة|34.79798|48.59971
Al-hadi hospital|مستشفى|34.20400|43.87562
Dargala Hospital|مستشفى|36.56579|44.69568
Helena Hospital|مستشفى|36.21706|44.03482
Mala Fandi Health Center|مستشفى|36.17628|44.03986
Raparin Teaching Hospital For Children|مستشفى|36.21887|44.03551
alqadsya|مستشفى|34.48834|41.90756
nexoshxana shêx seid pîran|مستشفى|37.14702|42.70236
المركز الاردني للعيون|مستشفى|36.20070|44.00166
المستشفى الألماني|مستشفى|36.30650|43.11127
بنكەی تەندروستی بنەسڵاوە|مستشفى|36.15497|44.12007
بنکەی تەندروستی سەرکارێز|مستشفى|36.11504|43.96728
بنکەی تەندروستی پیر محمد|مستشفى|35.17812|45.98299
بنکەی تەندرووستی تۆبزاوە|مستشفى|35.39283|44.27569
بنکەی تەندرووستی موحەمەد باجەلان|مستشفى|36.16887|43.99071
بیمارستان مصطفی خمینی|مستشفى|33.63855|46.40834
خستخانة طوارى|مستشفى|36.64119|43.00606
دكتور ابراهيم ته يراوه يى|مستشفى|36.19534|44.00765
شابو|مستشفى|36.50218|40.75003
طوارئ بروشكى|مستشفى|36.85724|43.00884
عيادة العمار|مستشفى|34.63579|43.98922
عیادەی شۆڕش|مستشفى|35.56189|45.41551
فریاکەوتنی خێرا 122|مستشفى|36.18862|44.03823
كلينيكا به هدينان|مستشفى|36.86793|42.98799
مركز ابن سينا الصحي|مستشفى|34.57751|43.68289
مركز صحي الميثاق|مستشفى|36.33276|43.20442
مرکز بهداشت بهاران|مستشفى|35.26753|46.99924
مستشفى ال 600|مستشفى|35.01042|43.45839
مستشفى البتول|مستشفى|33.74738|44.62993
مستشفى التوفيق|مستشفى|34.59497|43.67718
مستشفى الخنساء|مستشفى|36.38345|43.16840
مستشفى السلام|مستشفى|36.32576|43.18634
مستشفى الشهيد السيد جاسم شبر. تل غزال|مستشفى|36.22816|42.33686
مستشفى الشهيد علي حسين عبد الكاظم العبودي - القيارة|مستشفى|35.80464|43.01904
مستشفى الصينية|مستشفى|34.92818|43.41246
مستشفى القائم العام|مستشفى|33.42343|44.40866
مستشفى بلد العام|مستشفى|34.01082|44.13818
مستشفى تلعفر العام|مستشفى|36.38543|42.45661
مستشفى سبع البور الجديد|مستشفى|33.46068|44.15373
مستشفى نينوى الأهلي|مستشفى|36.33299|43.12651
مستشفی القيارة العام|مستشفى|35.80414|43.29322
مستوصف السوق|مستشفى|33.64290|42.82036
مستوصف القرية العصرية|مستشفى|33.46044|43.08105
مستوصف مجمع حمرين|مستشفى|34.09039|45.06273
مشفى الكلمة|مستشفى|37.05474|41.22528
نەخۆش خانە|مستشفى|35.77450|43.57550
نەخۆشخانەی ئەمەل|مستشفى|36.18354|44.03056
نەخۆشخانەی تایبەتیی نەورۆز|مستشفى|36.22780|44.01194
نەخۆشخانەی سۆران|مستشفى|36.20322|44.00517
نەخۆشخانەی شەقڵاوە|مستشفى|36.40621|44.31397
نەخۆشخانەی فریاکەوتنی ڕۆژهەڵات|مستشفى|36.19264|44.03944
نەخۆشخانەی نەدوەی خێرخوازی|مستشفى|36.19743|44.04057
نەخۆشخانەی ڕۆیاڵ|مستشفى|35.56630|45.45137
نەخۆشخانەی گشتی شەهید تۆفیق|مستشفى|35.11276|45.68691
کلینیک دکتۆر ئەیاد فەرەج|مستشفى|36.19465|44.00517
کۆمەلگەی ژیانی پزیشکی|مستشفى|36.20869|44.14347