Al-Hussein University Faculty / Department of Dentistry|جامعة|32.60008|44.10813
Al-hussain college • computer engineering department|جامعة|32.50694|44.13304
Algonquin College|جامعة|29.31769|47.69118
American University of the Middle East|جامعة|29.16503|48.09920
Central Library - University of Karbala|جامعة|32.60383|44.09154
College of Fine Arts|جامعة|32.46295|44.41125
College of Science for Women|جامعة|32.43949|44.41273
Department of computer science|جامعة|32.60195|44.08805
English Department|جامعة|32.59939|44.09222
Faculty of Law - University of Karbala|جامعة|32.60179|44.09030
Industrial Management College For Oil&Gas|جامعة|30.52554|47.80187
Marine Science Center|جامعة|29.16395|48.12517
Performing Arts Department|جامعة|32.46214|44.41171
University of Karbala|جامعة|32.60452|44.08943
University of karbala - management|جامعة|32.60144|44.08784
أكاديمية الخليج العربي للدراسات البحرية|جامعة|30.56792|47.76130
الجامعة الإسلامية|جامعة|32.01320|44.36005
الجامعة التقنية الوسطى|جامعة|33.26231|44.48857
الجامعة العراقية كلية الطب العام|جامعة|33.36629|44.35980
القسم الداخلي دعبل الخزاعي|جامعة|32.50350|45.83640
الكليه التربويه المفتوحه مركز ذي قار|جامعة|31.06111|46.23822
المركز الاكاديمي للنشر في المجلات العالمية|جامعة|33.35307|44.37930
المعهد التقنی|جامعة|32.45061|45.89608
بناية رقم 1 / جامعة أوروك|جامعة|33.30690|44.44113
جامعة اشور|جامعة|33.33458|44.36214
جامعة الامام الكاظم عليه السلام|جامعة|32.04258|44.36967
جامعة البصرة - كليات باب الزبير|جامعة|30.48292|47.80514
جامعة البصرة/كلية الادارة والاقتصاد/القرنة|جامعة|30.99057|47.43764
جامعة التراث|جامعة|33.31835|44.36068
جامعة الحدود الشمالية|جامعة|29.56270|43.63040
جامعة الحلة|جامعة|32.31996|44.39551
جامعة السبطين للعلوم الطبية|جامعة|32.61214|44.00729
جامعة العين الاهلية|جامعة|31.06790|46.26123
جامعة القرنه|جامعة|31.01121|47.40852
جامعة الكوفة|جامعة|32.02550|44.37416
جامعة الكويت - الشويخ|جامعة|29.33876|47.91391
جامعة المشرق|جامعة|33.27448|44.27121
جامعة النهرين كلية الصيدلة|جامعة|33.37784|44.32517
جامعة اهل البيت|جامعة|32.64033|43.99489
جامعة اوريدو|جامعة|31.07094|46.24791
جامعة بابل/ كلية الهندسة - المسيب|جامعة|32.77203|44.28916
جامعة بغداد - كلية الاداره والاقتصاد|جامعة|33.37039|44.38053
جامعة جابر بن حيان الطبية|جامعة|32.04444|44.39642
جامعة ساوة|جامعة|31.35929|45.28850
جامعة عبدالله السالم|جامعة|29.32242|47.97179
جامعة كربلاء - كلية علوم الحاسوب وتكنولوجيا المعلومات|جامعة|32.60129|44.08991
جامعة وارث الأنبياء|جامعة|32.67531|44.07312
حوزه سیدالشهدا|جامعة|30.44577|48.18290
دانشکده فنی و مهندسی پردیس صنعتی هویزه(چمران اهواز)|جامعة|31.56196|48.19675
دانشگاه آزاد اسلامی آبدانان|جامعة|33.00584|47.40420
دانشگاه آزاد اندیمشک|جامعة|32.45158|48.35944
دانشگاه صنعتی جندی شاپور|جامعة|32.42952|48.36606
دانشگاه علمی کاربردی دزفول ۱|جامعة|32.40370|48.36451
دانشگاه فرهنگیان|جامعة|30.34182|48.29422
دانشگاه فرهنگیان خدیجه کبری|جامعة|32.40361|48.41543
دانشگاه پیام نور|جامعة|31.72204|47.98415
دانشگاه پیام نور|جامعة|31.71174|48.00682
دانشگاه پیام نور دزفول|جامعة|32.33535|48.42072
دانشگاه پیام نور واحد دهلران|جامعة|32.69833|47.26519
رئاسة الجامعة التقنية الجنوبية في البصرة|جامعة|30.44986|47.76834
عمادة كلية علوم الحاسوب وتكنولوجيا المعلومات|جامعة|32.60106|44.08719
قسم التسجيل والشؤون الطلابية|جامعة|32.67524|44.07289
قسم الدراسات القرآنية|جامعة|32.60079|44.08854
قسم النجارة|جامعة|32.61025|44.00597
قسم هندسة العمارة|جامعة|32.59910|44.09237
كلية اصول الدين الجامعة|جامعة|33.35440|44.38738
كلية الأمل للعلوم الطبية التخصصية الجديدة|جامعة|32.58357|44.15812
كلية الادارة والاقتصاد|جامعة|32.67518|44.07260
كلية الامل الجامعة|جامعة|32.58407|44.15815
كلية التراث الجامعة|جامعة|33.31845|44.36192
كلية التربية الاساسية جامعة العميد|جامعة|32.65808|44.06500
كلية التربية للعلوم الصرفة|جامعة|32.59774|44.08861
كلية الحسين -عيادات طب الاسنان|جامعة|32.50655|44.13235
كلية الرافدين الجامعة|جامعة|33.36438|44.40724
كلية الطب|جامعة|32.67631|44.07252
كلية الطف الجامعة|جامعة|32.60258|44.04608
كلية العلوم الادارية والانسانية|جامعة|29.79973|40.05576
كلية الفرقدين قسم التخدير|جامعة|30.48191|47.83155
كلية الفنون الجميلة قسم المسرح|جامعة|33.35823|44.37842
كلية القانون والسياسه|جامعة|33.37098|44.38222
كلية المدائن الجامعة|جامعة|33.14226|44.67109
كلية النسور الجامعة|جامعة|33.30298|44.35525
كلية الهندسة الجامعة المستنصرية|جامعة|33.35149|44.38578
كلية بغداد للعلوم الطبية الجامعة|جامعة|33.34997|44.38287
كلية طب الأسنان - جامعة البصرة|جامعة|30.41091|47.72292
كلية ملتقى النهرين الجامعة|جامعة|30.55942|47.78933
مبنى إدارة الجامعة|جامعة|29.79528|40.05559
متوسطة البعث|جامعة|32.36006|44.78810
مجمع كليات كرمة علي جامعة البصرة|جامعة|30.56121|47.74668
معهد التقني|جامعة|31.03359|47.42580
موسسه تحقیقات و آموزش توسعه نیشکر و صنایع جانبی استان خوزستان|جامعة|31.08837|48.36488
Gulf consultant|دائرة حكومية|29.34367|47.94034
Public Institution For Social Security|دائرة حكومية|29.36290|47.98349
اداره آموزش و پرورش|دائرة حكومية|31.47943|48.42927
اداره راهنمایی رانندگی|دائرة حكومية|32.39327|48.37221
الدفاع المدني|دائرة حكومية|33.34075|43.79136
الشركة العامة لتجارة المواد الغذائية|دائرة حكومية|30.52908|47.75111
القسم الداخلي لمعهد النفط|دائرة حكومية|30.52798|47.80081
المجلس البلدي الزعفرانية|دائرة حكومية|33.26225|44.48285
المركز الوطني للاستشارات الهندسية|دائرة حكومية|33.32618|44.38513
المسيب/1|دائرة حكومية|32.78065|44.29250
الهيئة العامة للشباب والرياضة|دائرة حكومية|29.30629|47.90664
بلدية الشنافية|دائرة حكومية|31.58424|44.64282
بلدية النجف|دائرة حكومية|32.01232|44.33173
توزيع كهرباء بغداد/قطاع الثدر الثاني|دائرة حكومية|33.38813|44.43446
د م م الفرات الغربي|دائرة حكومية|31.90408|44.49256
دائرة الاشغال والصيانة العامة|دائرة حكومية|33.34242|44.41674
دائرة البريد|دائرة حكومية|32.74903|44.61128
دائرة التسجيل العقاري العامة|دائرة حكومية|33.33285|44.40647
دائرة التقاعد العامة|دائرة حكومية|33.33634|44.38760
دائرة الجنسية والاحوال المدنية|دائرة حكومية|32.60759|44.03592
دائرة الماء والمجاري|دائرة حكومية|32.00991|44.35363
دائرة بلدية الشعله;بلدية|دائرة حكومية|33.36061|44.29107
دائرة جوازات الكرخ|دائرة حكومية|33.32701|44.35167
دائرة زراعة الشنافية|دائرة حكومية|31.58581|44.64239
دائرة ماء الشنافية|دائرة حكومية|31.58494|44.64316
دائره شهاده الجنسيه|دائرة حكومية|33.36498|44.43195
دار الضيافة|دائرة حكومية|33.30992|44.39418
ساحة زبير 1|دائرة حكومية|30.37635|47.63579
شركة التأمين العراقية العامة|دائرة حكومية|33.30290|44.44336
شركة طريق الوليد للمقاولات العامه|دائرة حكومية|30.50599|47.83637
طابو البصره|دائرة حكومية|30.51336|47.83160
غرفة تجارة النجف|دائرة حكومية|32.00250|44.33652
ق ق ح ح|دائرة حكومية|33.32899|44.48646
قائممقاميه الصدر|دائرة حكومية|33.36870|44.42741
قسم الخرائط البيئيه الزراعية|دائرة حكومية|33.30880|44.20014
قصر الزقورة|دائرة حكومية|33.31539|44.40176
كربلاء|دائرة حكومية|32.60093|44.02819
كمرك الشنافية|دائرة حكومية|31.58727|44.64390
لواء القوات الخاصة /57;لواء الخاص ٥٧;57|دائرة حكومية|33.31330|44.40563
مجلس محافظة النجف|دائرة حكومية|32.01064|44.35475
مجلس محافظه|دائرة حكومية|30.51149|47.82973
محافظه كربلاء|دائرة حكومية|32.60686|44.03453
محكمه الصدر|دائرة حكومية|33.36453|44.42913
مخيم الايني|دائرة حكومية|30.34142|47.62460
مديرية|دائرة حكومية|33.25996|44.33137
مديرية الجنسية والجوازات|دائرة حكومية|32.01280|44.35865
مديرية بلديات البصره|دائرة حكومية|30.51205|47.83053
مديرية بلدية السماوة|دائرة حكومية|31.30726|45.28574
مديرية تربية محافظة النجف|دائرة حكومية|32.01123|44.35678
مديرية جنسية المسيب|دائرة حكومية|32.77842|44.28789
مديرية شهداء البصرة|دائرة حكومية|30.51664|47.84124
مديرية مجاري ذي قار|دائرة حكومية|31.05080|46.24310
مديرية نفوس الهارثة|دائرة حكومية|30.58134|47.76505
مركز ناحية الشنافية|دائرة حكومية|31.58442|44.64220
معسكر الشرف|دائرة حكومية|33.31730|44.40023
مقر حزب الاتحاد الوطني الكردستاني|دائرة حكومية|33.36148|44.38410
مكتب انتخابات بابل|دائرة حكومية|32.48202|44.42430
مكتب معلومات الرميثة (بطاقة السكن)|دائرة حكومية|31.52943|45.19845
ممثلية نينوى|دائرة حكومية|32.60435|44.02920
هيئة استثمار بابل|دائرة حكومية|32.49292|44.43471
هياة العمليات الاولى|دائرة حكومية|30.38025|47.60228
وزارة التخطيط|دائرة حكومية|33.32234|44.40215
وزارة التعليم العالي|دائرة حكومية|29.38554|47.98717
وزارة الصناعة;وزارة الصناعة والمعادن|دائرة حكومية|33.32861|44.41678
+عماره 333 مجمع القادسية|مبنى حكومي|33.07514|44.34471
LADIES MOSQUE|مبنى حكومي|29.32940|47.98042
New Baghdad Court|مبنى حكومي|33.30875|44.50259
إدارة التنفيذ|مبنى حكومي|29.36225|47.96349
المحامي فؤاد محمد|مبنى حكومي|32.61064|43.99018
المحكمة القديمة|مبنى حكومي|32.48979|44.43789
بناية محكمة الجديدة|مبنى حكومي|31.72389|46.10770
تالار فرهنگ|مبنى حكومي|32.47638|48.34657
دائرة ألكاتب ألعدل في ألنهروان|مبنى حكومي|33.37757|44.69526
دائرة الكاتب العدل في حي الجامعه|مبنى حكومي|33.31431|44.32519
دائرة كاتب العدل في البصرة|مبنى حكومي|30.51427|47.83187
دادگاه|مبنى حكومي|32.51817|47.37974
دادگستری دهلران|مبنى حكومي|32.68373|47.27514
دادگستری مهران|مبنى حكومي|33.12429|46.16564
دار القضاء في الدورة|مبنى حكومي|33.25646|44.39818
دار القضاء في ناحية اليوسفية|مبنى حكومي|33.08228|44.25284
ديوان المظالم|مبنى حكومي|29.95625|40.20728
رئاسة محكمة استئناف بابل|مبنى حكومي|32.52772|44.43712
ساختمان شورای اسلامی شهر شهیون|مبنى حكومي|32.61298|48.59056
شهرداری|مبنى حكومي|32.95834|47.78699
شهرداری حمیدیه|مبنى حكومي|31.47872|48.44282
شهرداری شمس آباد|مبنى حكومي|32.29925|48.43026
شهرداری میانرود|مبنى حكومي|32.15781|48.43401
شورای حل اختلاف دزفول|مبنى حكومي|32.38858|48.39168
عمادة كلية الهندسة|مبنى حكومي|32.03036|44.37046
قطع توزيع المالكي|مبنى حكومي|30.60421|47.85221
كاتب عدل الكوفة|مبنى حكومي|32.02690|44.39362
مجتمع حل اختلاف بخش شهیون|مبنى حكومي|32.61382|48.58231
مجلس شباب الجوف|مبنى حكومي|29.94978|40.21202
محكمة|مبنى حكومي|31.12666|45.86623
محكمة أحوال الشرعية في الكاظمية|مبنى حكومي|33.37600|44.34150
محكمة اسئناف المثنى|مبنى حكومي|31.30691|45.28720
محكمة استئناف واسط /الدجيلي|مبنى حكومي|32.45935|46.07286
محكمة الأعظمية|مبنى حكومي|33.36864|44.36011
محكمة الاحوال الشخصية في الناصرية|مبنى حكومي|31.04482|46.24522
محكمة الاسكندرية|مبنى حكومي|32.88149|44.34534
محكمة البطحاء|مبنى حكومي|31.12228|45.86750
محكمة الحر|مبنى حكومي|32.64105|43.96994
محكمة الخضر|مبنى حكومي|31.19540|45.53880
محكمة السدة|مبنى حكومي|32.70775|44.26794
محكمة الشوملي|مبنى حكومي|32.32279|44.91522
محكمة العزيزية|مبنى حكومي|32.90802|45.06040
محكمة الفلوجة|مبنى حكومي|33.35688|43.80302
محكمة القرنة سابقاً|مبنى حكومي|31.01576|47.43368
محكمة الكرمة|مبنى حكومي|33.38524|43.91176
محكمة المشخاب|مبنى حكومي|31.80957|44.49134
محكمة بابل|مبنى حكومي|32.52780|44.43817
محكمة بداءة ذات السلاسل|مبنى حكومي|33.36337|44.28017
محكمة بغداد الجديدة|مبنى حكومي|33.33437|44.42849
محكمة جنايات ذي قار|مبنى حكومي|31.07504|46.24912
محكمة شط العرب|مبنى حكومي|30.52600|47.85029
محكمة قصر العدل|مبنى حكومي|29.36971|47.96748
محكمة قوى الامن الداخلي الاولى للمنطقة الثالثة|مبنى حكومي|33.30227|44.44414
محكمة ناحية السنية|مبنى حكومي|32.05895|44.77326
محكمث قوى الامن الداخلي منطقه 4|مبنى حكومي|32.49656|44.42569
محكمه الصويره|مبنى حكومي|32.93169|44.78023
مديرية بلدية الكوفة|مبنى حكومي|32.03182|44.40162
مديرية تنفيذ الكوفة|مبنى حكومي|32.03415|44.38445
مصرف المدينه|مبنى حكومي|30.94968|47.26459
وزارة العلوم والتكنلوجيا دائرة المعالجة|مبنى حكومي|33.30694|44.29785
Al Kazimiyah|مستشفى|33.37472|44.34125
Al-Ghadeer Health Center|مستشفى|32.91085|45.07241
Faiha Primary Healthcare Center|مستشفى|29.33739|47.97923
Nuzha Primary Healthcare Center|مستشفى|29.34170|47.99877
Shuwaikh Industrial Primary Healthcare Center|مستشفى|29.32841|47.93658
dental clinic dr.nadir|مستشفى|33.25500|44.35620
الطوارئ|مستشفى|32.58815|44.02824
المركز الأولي الصحي في الشعيبة|مستشفى|30.47428|47.65170
المركز الصحي|مستشفى|33.02397|44.79775
المركز الصحي الاولي الكرامة|مستشفى|32.01297|44.33908
المركز الصحي السراي|مستشفى|31.58002|44.64857
المركز الصحي عبد الله بن رواحه|مستشفى|32.45552|46.07810
المركز الصحي في حي السلام|مستشفى|33.26341|44.31957
المستوصف الصحي في الوشاش|مستشفى|33.33178|44.34152
د. نهلة إدريس|مستشفى|32.02295|44.32771
دائرة صحة كربلاء|مستشفى|32.60355|44.02180
شرحبيل بن حسنة|مستشفى|33.29870|44.33481
صيدلية دار الحياة|مستشفى|32.48778|44.42811
عيادة الدكتور محمد موسى عمران|مستشفى|30.51121|47.83440
عياده عبد الله|مستشفى|33.04402|44.45214
مجمع الشفاء الطبي|مستشفى|29.62947|43.52361
مجمع صحي|مستشفى|33.38979|44.40583
مختبر الدكتور منذر مصطفى|مستشفى|33.32424|44.41372
مدينة الامامين الكاظمين الطبية|مستشفى|33.37645|44.32533
مركز الاسعاف الفوري النعمانيه|مستشفى|32.61474|45.45410
مركز الحروق|مستشفى|32.04128|44.36386
مركز الرعاية الصحية  في الفتاحية|مستشفى|31.41530|46.17803
مركز الشفاء|مستشفى|30.38457|47.72715
مركز القدس للرعاية الصحية|مستشفى|31.40601|46.17593
مركز حبيب ابن مظاهر للغسل الكلوي .ديلزه|مستشفى|32.58624|44.02912
مركز صحي|مستشفى|33.35858|44.26245
مركز صحي الجمهورية|مستشفى|33.35715|43.76993
مركز صحي السمنت|مستشفى|33.36304|43.80471
مركز صحي الغربي|مستشفى|31.31596|45.28041
مركز صحي باب بغداد|مستشفى|32.61873|44.03688
مركز طبي|مستشفى|33.31316|44.29634
مستشفئ الديوانية التعليمي|مستشفى|31.23787|46.33446
مستشفى ابن بلال الاهلي|مستشفى|32.02063|44.38151
مستشفى ابو غريب العام|مستشفى|33.30333|44.18173
مستشفى الأمل|مستشفى|31.04355|46.25121
مستشفى الامام علي ع العام|مستشفى|32.74849|44.59890
مستشفى الجادرية|مستشفى|33.29392|44.42352
مستشفى الحاج جلال|مستشفى|32.55080|45.41301
مستشفى الحسين التعليمي|مستشفى|32.58751|44.02747
مستشفى الحلة التعليمي|مستشفى|32.46973|44.42147
مستشفى الرشاد|مستشفى|33.38386|44.48819
مستشفى الزعفرانية|مستشفى|33.26880|44.48829
مستشفى الزهراء للولادة المسيب|مستشفى|32.79102|44.29579
مستشفى السعدي الأهلي|مستشفى|30.51243|47.83306
مستشفى السلامة الأهلي|مستشفى|33.30551|44.33090
مستشفى الشيخ احمد الوائلي|مستشفى|32.59375|44.02308
مستشفى العلوية|مستشفى|33.30710|44.45110
مستشفى الفرات الأوسط|مستشفى|31.99533|44.90872
مستشفى الفلوجة|مستشفى|33.35423|43.72403
مستشفى القديس رافائيل (الراهبات)|مستشفى|33.30788|44.42312
مستشفى الكرامة التعليمي|مستشفى|32.51599|45.85023
مستشفى المجر الكبير العام|مستشفى|31.58160|47.17144
مستشفى المسيب العام|مستشفى|32.77730|44.28380
مستشفى النعمانية العام|مستشفى|32.55008|45.41833
مستشفى الهندية العام|مستشفى|32.55210|44.22100
مستشفى بغداد التعليمي - مدينة الطب|مستشفى|33.34512|44.37918
مستشفى جنين الاهلي|مستشفى|33.29299|44.40631
مستشفى دكتور قيصر الاهلي|مستشفى|33.32261|44.48442
مستشفى كربلاء التعليمي للاطفال|مستشفى|32.58659|44.02669
مستشف€ الاسنان التخصصي|مستشفى|31.83228|47.15820
مستوصف|مستشفى|33.37369|44.43960
مستوصف الاعلام|مستشفى|33.24303|44.33145
مستوصف الجنينة|مستشفى|30.53808|47.79967
مستوصف الرقة|مستشفى|29.14542|48.10056
مستوصف الشعب|مستشفى|29.34889|48.02673
مستوصف الصوابر|مستشفى|29.37584|47.97993
مستوصف العوينة|مستشفى|32.46616|45.40148
مستوصف الميمونة|مستشفى|31.67467|46.96981
مستوصف تيماء|مستشفى|29.32771|47.68078
مستوصف صحي حي العسكري|مستشفى|31.29946|45.26028
مصرف الدم|مستشفى|31.04992|46.24715
معهد المهن الصحية العالي|مستشفى|33.35164|44.37873
AITE Departmen Laboratories|جامعة|36.14532|44.01744
British International University - Erbil|جامعة|36.21098|44.16527
College of Science|جامعة|36.23670|44.86168
Erbil Polytechnic University|جامعة|36.14422|44.01747
Faculty of Law|جامعة|36.69870|44.52856
Harran Üniversitesi araştırma ve uygulama hastanesi|جامعة|37.17201|38.99963
Language and Development Center|جامعة|36.23554|44.86350
Presidency of Soran University|جامعة|36.64843|44.53740
Shaqlawa Sports Institute|جامعة|36.41033|44.31120
Technical and Vocational University (دانشگاه فنی حرفه ای شماره 1)|جامعة|34.29302|47.04692
University of Raparin - Qaladize|جامعة|36.20415|45.08753
Viya Institute Zakho|جامعة|37.16958|42.69154
zankoy chwarta (zansty zhinga)|جامعة|35.72308|45.56390
اعدادية الرمادي|جامعة|33.42531|43.29457
الجامعه المستنصريه|جامعة|33.41134|44.35367
المعهد الفني في الحويجه|جامعة|35.33561|43.78384
ثانوية الحضارة|جامعة|34.61900|43.71298
ثانوية الهجر|جامعة|33.40307|43.45989
جامعة الامام جعفر الصادق عليه السلام|جامعة|33.77662|44.60032
جامعة الفرات|جامعة|35.32136|40.11256
جامعة المأمون|جامعة|36.95985|41.14643
جامعة الموصل/التربية الاساسية|جامعة|36.37201|43.13377
جامعة تيشك سليمانية|جامعة|35.51687|45.46275
جامعة سامراء|جامعة|34.20017|43.88763
جهاد داشگاهی|جامعة|33.51444|48.36415
جهاددانشگاهی زنجان|جامعة|36.67592|48.47989
خوێندنگەی سافی|جامعة|36.41072|44.30982
دانشکده بهداشت|جامعة|34.33209|47.05367
دانشکده دامپزشکی دانشگاه ازاد سنندج|جامعة|35.17394|46.98834
دانشکده علوم اجتماعی دانشگاه رازی|جامعة|34.34398|47.09909
دانشکده فنی دختران|جامعة|33.47181|48.43223
دانشکده فنی پسران|جامعة|33.47481|48.43399
دانشکده پرستاری و دندان پزشکی دانشگاه پارسیان ایلام|جامعة|33.63828|46.37057
دانشکده پیراپزشکی مهاباد|جامعة|36.73929|45.71059
دانشکده کشاورزی دانشگاه ازاد سنندج|جامعة|35.17413|46.98738
دانشگاه آزاد|جامعة|37.03785|45.10168
دانشگاه آزاد آقکند|جامعة|37.25533|48.06685
دانشگاه آزاد اسلامی - سایت امام|جامعة|36.69799|48.52282
دانشگاه آزاد اسلامی مرکز سنقر و کلیایی|جامعة|34.75216|47.59472
دانشگاه آزاد اسلامی واحد ایلام|جامعة|33.63911|46.38105
دانشگاه آزاد اسلامی واحد زنجان|جامعة|36.67160|48.50546
دانشگاه آزاد اسلامی واحد مریوان|جامعة|35.48517|46.17485
دانشگاه آزاد اسلامی واحد کنگاور|جامعة|34.50040|47.98787
دانشگاه آزاد بیجار|جامعة|35.88629|47.61463
دانشگاه آزاد سنندج واحد ۲|جامعة|35.34197|47.00143
دانشگاه آزاد میاندوآب|جامعة|36.97930|46.12708
دانشگاه آزاد واحد بوکان|جامعة|36.48769|46.20000
دانشگاه آزاد کرمانشاه|جامعة|34.28845|47.02397
دانشگاه امام حسین|جامعة|35.29751|46.99788
دانشگاه بوعلی سینا|جامعة|34.79651|48.48477
دانشگاه جامع علمی و کاربردی لرستان|جامعة|33.45639|48.33058
دانشگاه رازی|جامعة|34.38777|47.10871
دانشگاه زنجان|جامعة|36.68544|48.39847
دانشگاه سیدجمال الدین اسدآبادی|جامعة|34.78880|48.12895
دانشگاه صنعتی کرمانشاه|جامعة|34.32510|47.09628
دانشگاه علمی کاربردی|جامعة|33.49572|48.37705
دانشگاه علمی کاربردی|جامعة|36.66603|48.54714
دانشگاه علمی کاربردی فرهنگ و هنر همدان|جامعة|34.83071|48.55025
دانشگاه علوم پزشکی|جامعة|36.66703|48.49687
دانشگاه علوم پزشکی ساختمان شماره ۲|جامعة|34.34365|47.09948
دانشگاه علوم پزشکی همدان|جامعة|34.78895|48.48439
دانشگاه علوم پزشکی کرمانشاه|جامعة|34.39241|47.10320
دانشگاه غیرانتفاعی صوفی رازی|جامعة|36.68799|48.49691
دانشگاه فرهنگیان - پردیس شهید رجایی|جامعة|34.36498|47.13590
دانشگاه فرهنگیان پردیس آیت اله کمالوند|جامعة|33.49803|48.34660
دانشگاه فرهنگیان کرمانشاه پردیس شهید صدوقی|جامعة|34.34582|47.10548
دانشگاه فنی و حرفه ای یزدانپناه|جامعة|35.30814|47.00154
دانشگاه لرستان|جامعة|33.47971|48.42030
دانشگاه ملی مهارت-آموزشکده ملی مهارت دختران ایلام|جامعة|33.63773|46.38271
دانشگاه پیام نور|جامعة|34.34434|47.12882
دانشگاه پیام نور|جامعة|33.63763|46.38539
دانشگاه پیام نور|جامعة|34.79046|48.11859
دانشگاه پیام نور|جامعة|34.49204|47.95070
دانشگاه پیام نور|جامعة|34.69858|46.64506
دانشگاه پیام نور اسلام آباد غرب|جامعة|34.11078|46.54219
دانشگاه پیام نور تویسرکان|جامعة|34.56182|48.45465
دانشگاه پیام نور خرم آباد|جامعة|33.47554|48.40325
دانشگاه پیام نور شاهین دژ|جامعة|36.66039|46.56949
دانشگاه پیام نور مرکز سنقر|جامعة|34.75460|47.59635
دانشگاه پیام نور نهاوند|جامعة|34.19383|48.38497
دانشگاه پیام نور واحد نقده|جامعة|36.95143|45.40109
دانشگاه پیام نور پیرانشهر|جامعة|36.69967|45.13356
دانشگاه پیام‌ نور ایوان|جامعة|33.83378|46.29789
دبیرستان غیردولتی پرديس ابرار|جامعة|35.30459|46.98074
زانکۆی باباگوڕگوڕ|جامعة|35.49442|44.43056
زانکۆی جیھان|جامعة|36.17197|43.96692
زانکۆی سەلاحەدین - کۆلێژی زانست|جامعة|36.15308|44.02104
زانکۆی لوبنانیی فەڕەنسیی|جامعة|36.17094|43.95309
زانکۆی نۆڵج|جامعة|36.10438|44.03150
زانکۆی نێونەتەوەییی تیشک|جامعة|36.16821|43.95661
زانکۆی چەرمو|جامعة|35.51475|44.80566
زانکۆی کۆمار بۆ زانست و تەکنەلۆجیا|جامعة|35.59357|45.36125
زانکۆی گۆیژە|جامعة|35.54464|45.45802
زانکۆیا جیهان|جامعة|36.87839|42.88685
زانکۆیا پۆلیتەکنیکی یا دهۆک|جامعة|36.86075|42.98215
سەرۆکایەتی زانکۆی پۆلیتەکنیکی سلێمانی|جامعة|35.53681|45.46898
شركة الدرة الجامعة للخدمات العامة فرع ديالى|جامعة|33.74641|44.61602
قسم شؤون الأقسام الداخلية، للطالبات|جامعة|33.67589|44.59864
كلية الامام الاعظم الجامعة|جامعة|33.41039|44.36156
كلية التربية المفتوحة|جامعة|33.73887|44.61847
كلية القانون والعلوم السياسية|جامعة|35.39266|44.34184
كلية بلاد الرافدين قسم طب الاسنان|جامعة|33.77991|44.60384
متوسطة الرسالة الخالدة|جامعة|33.44416|43.33802
مدرسە|جامعة|36.65019|44.53733
مرکز آموزش فنی و حرفه ای سهروردی|جامعة|36.14294|48.58849
مرکز تحقیقات و آموزش کشاورزی و منابع طبیعی استان همدان|جامعة|34.88026|48.53706
معهد الفنون الجميلة للبنين ديالى|جامعة|33.74265|44.65067
موسسه آموزش عالی سفیر دانش|جامعة|33.63779|46.39065
پردیس دانشگاهی فرهنگیان - تربیت معلم مدرس|جامعة|35.33041|47.01062
پیام نور|جامعة|33.75358|46.58310
پیام نور مهاباد|جامعة|36.77751|45.74023
پەیمانگای تەکنیکی سلێمانی|جامعة|35.57256|45.39885
کانون فرهنگی تربیتی|جامعة|36.66466|48.51793
کۆلێژی تەکنیکیی شەقڵاوە|جامعة|36.40683|44.31096
Ministry of Health|دائرة حكومية|36.19356|44.01271
Rêveberîya Perwerdeya Dihokê|دائرة حكومية|36.85264|43.00088
Uzumlu Customs Gate|دائرة حكومية|37.23981|43.51422
wazaraty xwendny bala|دائرة حكومية|36.16172|44.01349
آموزش و پرورش ناحیه ۳|دائرة حكومية|34.34770|47.10482
اداره آب و فاضلاب استان سنندج|دائرة حكومية|35.31420|46.98276
اداره تعاون کار بیجار|دائرة حكومية|35.87779|47.58789
اداره دارایی|دائرة حكومية|35.52924|46.17339
اداره مسکن و شهرسازی|دائرة حكومية|35.32063|47.00708
اداره کار|دائرة حكومية|35.52007|46.19007
اداره کل اوقاف و امور خیریه استان کردستان|دائرة حكومية|35.30731|47.00939
اداره کل صنعت،معدن و تجارت استان کردستان|دائرة حكومية|35.31130|46.98456
اداره کل ورزش و جوانان استان کرمانشاه|دائرة حكومية|34.34358|47.09206
ادراه راه و شهرسازی ایوان|دائرة حكومية|33.83214|46.29991
المحافظة القديمة|دائرة حكومية|34.58063|43.68558
انبار مرکزی آبفای خدابنده|دائرة حكومية|36.11670|48.58487
بنیاد مسکن انقلاب اسلامی استان کرمانشاه|دائرة حكومية|34.34295|47.09151
به ريو به رايه تى به ره نگاربوونه وه ى قه يرانه كان|دائرة حكومية|36.20353|44.03791
بەرێوەبەرایەتی گشتی حەج و عمرە|دائرة حكومية|36.17549|43.96199
بەڕێوەبەرایەتی جێبەجێکردنی چۆمان|دائرة حكومية|36.63775|44.88980
بەڕێوەبەرایەتی گشتی سەرچاوەکانی ئاو|دائرة حكومية|36.15913|44.01647
بەڕێوەبەرایەتی گشتی پەروەردەی هەولێر|دائرة حكومية|36.19396|44.01192
بەڕێوەبەرایەتی گشتیی حەج و عومەر|دائرة حكومية|36.17174|43.95043
تامین اجتماعی نیروهای مسلح|دائرة حكومية|34.33074|47.07902
تسجيل العقاري الزهور|دائرة حكومية|33.53153|44.38630
تقلیه آموزش و پرورش|دائرة حكومية|35.31950|46.98925
جباية ماء الشعب|دائرة حكومية|33.42059|44.41451
جهاد کشاورزی ساختمان ۳|دائرة حكومية|35.32370|46.99344
دائرة تسجيل شركات عامة اربيل|دائرة حكومية|36.19481|44.00158
دائرة صحة الانبار|دائرة حكومية|33.42240|43.29835
دائرة نفوس سامراء|دائرة حكومية|34.19873|43.88687
دفتر امور اتباع خارجی|دائرة حكومية|35.31132|46.98646
دفترخانه ۳۷|دائرة حكومية|34.33321|47.08601
ديوان الوقف السني|دائرة حكومية|33.40840|44.35955
ريڤه به ريا باژيرڤانيا روژهه لات|دائرة حكومية|36.84587|43.05456
رێڤەبەریا ساخلەمیا سێمێل|دائرة حكومية|36.85817|42.85239
سازمان امور مالیاتی - ارزش افزوده|دائرة حكومية|35.30772|46.99665
سازمان دامپزشکی|دائرة حكومية|35.32382|46.99354
سازمان مسکن و شهرسازی|دائرة حكومية|35.30495|47.00077
ستاد دیه استان کردستان|دائرة حكومية|35.30825|46.99855
شارەوانیا ئاکرێ|دائرة حكومية|36.73136|43.87818
شرکت توزیع برق استان کردستان|دائرة حكومية|35.30742|47.01108
شرکت گاز استان کردستان|دائرة حكومية|35.25686|47.01692
صدا و سیما|دائرة حكومية|35.31967|46.98664
فرع الرابع لحزب الحمير الكوردستانى|دائرة حكومية|35.55664|45.43291
فەرمانگەی وونبووەکان|دائرة حكومية|35.54882|45.44556
قائیقامیەتی دەربەندیخان|دائرة حكومية|35.11224|45.68731
قسم نظافه الشعب|دائرة حكومية|33.40929|44.38533
كلية القانون والعلوم السياسية، جامعة ديالى|دائرة حكومية|33.77392|44.59370
محطة جامعة كركوك|دائرة حكومية|35.37829|44.32423
مخابرات مرکز ۲|دائرة حكومية|35.31985|46.99415
مديرية تربية صلاح الدين|دائرة حكومية|34.57983|43.68561
مديرية ري تكريت|دائرة حكومية|34.60065|43.67301
مركز ثقافي|دائرة حكومية|36.85891|42.84543
مرکز ارتباطات سیار مخابرات|دائرة حكومية|35.31127|46.99931
مرکز تعویض پلاک کرمانشاه|دائرة حكومية|34.34860|47.22658
معاونت ترافیک شهرداری|دائرة حكومية|35.32164|46.99063
مكتب الاحوال سنجار|دائرة حكومية|36.78325|42.77771
منابع طبیعی|دائرة حكومية|35.91836|47.01635
نظام مهندسی شهرستان خدابنده|دائرة حكومية|36.12423|48.59093
نفوسی سەیدسادق|دائرة حكومية|35.35357|45.85959
وزارة البلدية والسياحة|دائرة حكومية|36.18313|44.01148
وەزارەتی ڕۆشنبیری و لاوان|دائرة حكومية|36.16647|44.01548
پاشکۆی وەزارەتی پەروەردە|دائرة حكومية|36.18994|43.99538
پەروەردەیا ئاكرێ|دائرة حكومية|36.73080|43.87785
کارەبای نیشتمانی دارەتوو|دائرة حكومية|36.11797|44.06517
کمیته امداد|دائرة حكومية|34.45563|45.86936
گمرگ استان کردستان|دائرة حكومية|35.32173|46.99129
Centera Çandî|مبنى حكومي|37.01495|41.94250
Funeral Hall|مبنى حكومي|37.17005|42.73095
OrhanQumry|مبنى حكومي|37.15152|42.70605
Tenahi|مبنى حكومي|36.86431|42.90048
ابو هيوا|مبنى حكومي|36.87487|42.93740
استئناف نينوى وكاتب العدل|مبنى حكومي|36.34683|43.15290
المحكمة|مبنى حكومي|34.43068|44.93526
المحكمه|مبنى حكومي|35.32626|43.77932
النبي شيث|مبنى حكومي|36.33282|43.13437
بلدية الموصل|مبنى حكومي|36.33946|43.14274
بناية على عضم لى شعب عفرين|مبنى حكومي|37.05008|41.19349
بینای شارۆچکەی قەسرێ|مبنى حكومي|36.56214|44.83031
تالار قصر زرین|مبنى حكومي|35.90522|47.03605
تالارفجر|مبنى حكومي|36.94954|46.32238
ثامر عبد الغفور|مبنى حكومي|36.32112|43.11518
خلدون العمري|مبنى حكومي|36.33432|43.20487
داد|مبنى حكومي|36.86343|42.99916
دادگاه|مبنى حكومي|34.34783|46.41428
دادگاه|مبنى حكومي|36.24245|48.54390
دادگاه|مبنى حكومي|35.06075|47.14982
دادگاه|مبنى حكومي|33.93258|46.78010
دادگای بەرایی ڕەواندز|مبنى حكومي|36.60317|44.50532
دادگای ڕەواندز|مبنى حكومي|36.61894|44.53255
دادگستری استان لرستان|مبنى حكومي|33.51844|48.35954
دادگستری سلسله|مبنى حكومي|33.87556|48.26662
دادگستری شهرستان دلفان|مبنى حكومي|34.07003|47.97268
دادگستری شهرستان سوران|مبنى حكومي|33.56888|46.81551
دادگستری مریوان|مبنى حكومي|35.52020|46.18906
دار العداله الرمادي|مبنى حكومي|33.42615|43.28895
دهیاری روستای حاجی سیران|مبنى حكومي|37.18126|48.22194
ساختمان جدید دادگستری|مبنى حكومي|34.04971|47.98774
شاری سەوز|مبنى حكومي|35.52664|45.43674
شهرداری|مبنى حكومي|36.73090|46.15332
شهرداری|مبنى حكومي|33.56995|46.81587
شهرداری|مبنى حكومي|34.49653|46.60398
شهرداری|مبنى حكومي|34.04312|48.18191
شهرداری|مبنى حكومي|36.28549|47.74633
شهرداری|مبنى حكومي|33.66700|46.80490
شهرداری بکتاش|مبنى حكومي|37.08051|46.01461
شهرداری دیواندره|مبنى حكومي|35.91821|47.01996
شهرداری سروآباد|مبنى حكومي|35.31191|46.36574
شهرداری شاهین دژ|مبنى حكومي|36.67995|46.56117
شهرداری قروه|مبنى حكومي|35.16143|47.80521
شهرداری منطقه ۱|مبنى حكومي|33.52772|48.34363
شهرداری چم پلک|مبنى حكومي|33.70468|47.79365
شورای حل اختلاف|مبنى حكومي|33.49700|48.35385
شورای حل اختلاف مجتمع شهید مطهری|مبنى حكومي|34.34169|47.09170
فارس حسن الدباغ|مبنى حكومي|36.21039|44.12227
فلكة الدور|مبنى حكومي|34.45729|43.79280
قاعة الشهيد حسين باباشيخ|مبنى حكومي|36.69290|43.35362
كاتب العدل قضاء شيخان!!|مبنى حكومي|36.69946|43.35147
مازن احمد|مبنى حكومي|36.19310|44.03088
ماڵی مەلا یوسف|مبنى حكومي|36.26247|44.88439
مجلس الناحية|مبنى حكومي|36.46543|41.71140
محكمة ارهاب تلكيف|مبنى حكومي|36.49016|43.12573
محكمة البعاج|مبنى حكومي|36.03989|41.71804
محكمة الخالص|مبنى حكومي|33.85417|44.51386
محكمة الشمال|مبنى حكومي|36.46599|41.71111
محكمة المقداديهx|مبنى حكومي|33.97888|44.93071
محكمة بداءة الحمدانية|مبنى حكومي|36.27232|43.37733
محكمة بلد القديمة|مبنى حكومي|34.00774|44.14675
محكمة تكريت|مبنى حكومي|34.61478|43.67281
محكمة زمار|مبنى حكومي|36.65366|42.59669
محكمة قضاء الشرقاط|مبنى حكومي|35.52899|43.23815
محكمه الرمادي|مبنى حكومي|33.42632|43.28646
محكومة الأحوال الشخصية في بعقوبة|مبنى حكومي|33.74635|44.64841
مديرية رعاية القاصرين في للانبار|مبنى حكومي|33.42576|43.28787
منطقة جويزرات البوفراج|مبنى حكومي|34.06201|44.14614
نقابة المعلمين|مبنى حكومي|37.17602|42.13746
هۆلێ پرسەی پەڕۆیان|مبنى حكومي|36.23539|44.79993
هۆڵی نعمەت خان|مبنى حكومي|35.54129|45.47376
کاتب عدل )داواكارى گشتى(|مبنى حكومي|35.19173|46.00447
Asaish|مركز شرطة|36.20394|44.03862
Dyana Police Station|مركز شرطة|36.66173|44.54574
Iraqi Police Station|مركز شرطة|34.00567|42.43707
Police 104|مركز شرطة|36.85691|42.85976
duly|مركز شرطة|34.46660|42.98232
police Traffic|مركز شرطة|36.85843|42.85325
ئاسایشی دێدەوان|مركز شرطة|36.10057|44.02219
ئاسایشی ڕاستی|مركز شرطة|36.13879|44.01591
استخبارت كركوك|مركز شرطة|35.41765|44.40680
اكاديمية شرطة نينوى|مركز شرطة|36.40975|43.19350
الامن الاوطني|مركز شرطة|33.74391|44.61678
النقطة الاولى|مركز شرطة|34.07629|43.69429
النقطة التاسعة|مركز شرطة|33.95436|43.73663
النقطة الثانية|مركز شرطة|34.06693|43.69317
النقطة الرابعة|مركز شرطة|34.06088|43.69392
النقطة السابعة|مركز شرطة|34.02330|43.72084
ایستگاه راهنمایی و رانندگی|مركز شرطة|34.55240|48.44102
بنكەی ئاسایشی بەختیاری|مركز شرطة|36.19097|43.96245
بنکەی ئاگرکوژێنەوەی ڕزگاری|مركز شرطة|34.65804|45.24201
بنکەی پۆلیسی بارزان|مركز شرطة|36.92446|44.05084
بنکەی پۆلیسی بنەسڵاوە|مركز شرطة|36.15347|44.11593
بنکەی پۆلیسی خورماڵ|مركز شرطة|35.29851|46.03501
بنکەی پۆلیسی سۆسەکان|مركز شرطة|35.18154|46.16709
بنکەی پۆلیسی ماڵتا|مركز شرطة|36.85656|42.93451
بنکەی پۆلیسی گۆپاڵە|مركز شرطة|35.64592|45.02819
بنگه هى پوليسين شاريا|مركز شرطة|36.78775|42.96910
بەشی پۆلیسی گرتن و گواستنەوەی ڕاپەڕین|مركز شرطة|36.26408|44.84143
بەڕێوەبەرایەتی هاتوچۆ - بەشی تابلۆکان|مركز شرطة|36.09784|44.01058
خاڵی پشکنین|مركز شرطة|36.18656|43.98260
دائرة تسجيل مرور تاجيات;موقع تسجيل السيارات 2 التاجيات|مركز شرطة|33.41663|44.30163
راهنمایى و رانندگى پیرانشهر|مركز شرطة|36.69579|45.13326
سيطرة|مركز شرطة|33.44433|44.63636
سيطرة الحي الصناعي|مركز شرطة|34.00185|44.17209
سيطرة الشهيد|مركز شرطة|34.19562|43.85109
سيطرة بغداد الفاصلة|مركز شرطة|33.42507|44.63199
سيطرة حصيبه|مركز شرطة|33.41749|43.43046
سيطرة كرفر|مركز شرطة|36.68610|42.58905
شاوکە|مركز شرطة|36.67312|44.89373
شرطة كسنزان|مركز شرطة|36.20783|44.13312
فرقةي مودرعةي ٩|مركز شرطة|36.21501|43.04051
فه رماندي محورى دوبردان|مركز شرطة|36.46502|43.47599
قسم الموقف و التسفيرات|مركز شرطة|36.49406|43.11845
كوليژى سه ربازى|مركز شرطة|37.15798|42.66968
محمد الخزعلي|مركز شرطة|33.95640|43.78592
مخفر أم جريص|مركز شرطة|36.27654|41.28408
مخفر الخابور|مركز شرطة|35.47895|41.27273
مخفر الكسرة|مركز شرطة|35.56667|39.91667
مخفر تل صفوك|مركز شرطة|35.48204|41.35121
مخفر حدود آحد|مركز شرطة|34.84550|45.67457
مخفر حدود أم الربيعين|مركز شرطة|34.65650|41.14910
مخفر حدود الجزيرة|مركز شرطة|35.70767|41.38192
مخفر حدود الخوش|مركز شرطة|34.31631|40.65010
مخفر حدود الصادق|مركز شرطة|34.56202|45.63351
مخفر حدود الفاروق|مركز شرطة|34.02821|45.46805
مخفر حدود الكعبان|مركز شرطة|34.91645|41.22682
مخفر حدود المختار|مركز شرطة|34.06616|45.45508
مخفر حدود النصر|مركز شرطة|33.94281|45.44354
مخفر حدود الهلالي|مركز شرطة|34.10403|45.48299
مخفر حدود توصين|مركز شرطة|35.84367|41.37041
مخفر حدود حطین|مركز شرطة|34.61844|45.67887
مخفر حدود زين القوس|مركز شرطة|35.76609|41.37540
مخفر حدود سربند|مركز شرطة|34.20700|45.53614
مخفر حدود طویرق|مركز شرطة|34.55180|45.60500
مخفر حدود عقبة بن غزوان|مركز شرطة|34.55913|45.46967
مخفر حدود علی بن أبی طالب|مركز شرطة|34.01467|45.46397
مخفر حدود لجمة|مركز شرطة|33.64367|45.69042
مخفر حدود هیلة|مركز شرطة|33.59869|45.83471
مخفر سيد كلي|مركز شرطة|36.56193|41.64113
مخفر شرطة أم الذيبان|مركز شرطة|36.27655|41.37994
مخفر شرطة الشهداء|مركز شرطة|33.49336|45.89163
مخفر شرطة المضيق|مركز شرطة|34.20236|45.19491
مخفر شرطة بئر جاري|مركز شرطة|36.47455|41.43444
مخفر شرطة جالكي|مركز شرطة|37.25655|43.18306
مخفر شرطة زاخو|مركز شرطة|37.06764|42.63755
مخفر شرطة صدام|مركز شرطة|34.69000|44.08006
مخفر شرطة طريفاوي|مركز شرطة|35.12257|41.35818
مخفر شرطة كاني عفر|مركز شرطة|36.70402|41.97650
مخفر شرطة كني برسكي|مركز شرطة|36.85607|43.23999
مخفر شرطة محيور|مركز شرطة|33.54350|41.09687
مخفر شرطة هوريز|مركز شرطة|37.24944|42.67139
مخفر عنجیرة|مركز شرطة|33.47690|45.92415
مخفر مصعب بن عمير|مركز شرطة|36.39494|43.14657
مخفر ٣۰ تموز|مركز شرطة|35.01249|41.21967
مديرية الشرطه|مركز شرطة|35.32569|43.77828
مديرية شرطة المنصورية|مركز شرطة|34.07045|44.86664
مديرية شرطة سليمان بيك|مركز شرطة|34.79186|44.66893
مركز استقبال النازحين|مركز شرطة|36.24951|43.10764
مركز تسفيرات|مركز شرطة|34.61948|45.32372
مركز شرطة آزادي|مركز شرطة|35.45897|44.39501
مركز شرطة إنجانة|مركز شرطة|34.53478|44.63206
مركز شرطة الثقافة|مركز شرطة|36.37390|43.14725
مركز شرطة الحويجة|مركز شرطة|35.32955|43.78545
مركز شرطة الزهور|مركز شرطة|33.53838|44.39742
مركز شرطة العصرية|مركز شرطة|34.91418|43.42221
مركز شرطة الكهرباء|مركز شرطة|35.47995|44.43274
مركز شرطة بفستيان|مركز شرطة|36.65111|44.50250
مركز شرطة تكتك|مركز شرطة|33.41938|45.94429
مركز شرطة سنجار|مركز شرطة|36.32328|41.86685
مركز شرطة فتحة|مركز شرطة|35.04995|43.55392
مركز شرطة كلار|مركز شرطة|34.61599|45.32189
مركز شرطة ومكافحة|مركز شرطة|36.35014|43.16237
مركز شرطه بوب الشام|مركز شرطة|33.46001|44.37934
معسكر الهندسة العسكرية5|مركز شرطة|33.73618|44.48720
مقر|مركز شرطة|34.17689|43.85392
مقر الفوج|مركز شرطة|34.72974|41.19628
مقر فوج طواريء سنجار|مركز شرطة|36.31835|41.84765
مكان بيه عتاد متروك|مركز شرطة|36.31954|42.21151
ملحق ثلاثة|مركز شرطة|35.28372|41.26641
ملحق مشيرفة3|مركز شرطة|36.77184|42.04106
ملحق ٢|مركز شرطة|35.19426|41.29307
موقع مرور الحسينية|مركز شرطة|33.52304|44.38675
میلاکاتی لیوای یەك|مركز شرطة|36.21296|43.90840
نفط خانة|مركز شرطة|34.03276|45.43733
نقطة تفتيش يعني طسات|مركز شرطة|33.76181|44.25759
نكته طواري ١١٠|مركز شرطة|37.14509|42.71034
هاتووچوي ناو بازار|مركز شرطة|34.61583|45.32184
پاسگاه انتظامی انوچ|مركز شرطة|34.07553|48.57593
پاسگاه پلیس عباس آباد|مركز شرطة|35.31239|47.02261
پلیس|مركز شرطة|34.42878|46.02203
پلیس|مركز شرطة|34.20338|46.66919
پلیس|مركز شرطة|34.51061|45.69982
پلیس آگاهی|مركز شرطة|34.20960|48.36637
پلیس راه|مركز شرطة|36.63997|48.43393
پلیس راه آزاد راه پیامبر اعظم|مركز شرطة|37.19203|47.36233
پلیس راهنمایی رانندگی|مركز شرطة|34.20997|48.36607
پولیسی به ختیاری. Baxtyari|مركز شرطة|35.56917|45.40561
پۆلیسی ئاوی بێخاڵ|مركز شرطة|36.64728|44.50041
پۆلیسی هاتووچۆی بنەسڵاوە|مركز شرطة|36.15826|44.10353
کلانتری|مركز شرطة|33.83260|46.29952
کلانتری|مركز شرطة|37.13021|45.97478
کلانتری سعدی|مركز شرطة|34.31063|47.05132
کلانتری ۱۵|مركز شرطة|33.51519|48.36514
گۆڕستان|مركز شرطة|36.64263|44.89067
(الطوارئ)|مستشفى|36.74994|43.89411
Ber Kaver|مستشفى|37.00466|40.59685
Grê Gawre|مستشفى|36.85739|42.75807
Khanzad teaching Center for Oral and Dental Health|مستشفى|36.19620|44.01708
Nexweşxane - نه‌خوه‌شخانه‌|مستشفى|37.05327|43.64954
Wan Global|مستشفى|36.86703|42.99869
dentist Dr.khalid|مستشفى|34.48530|41.92535
الصحة المدرسية|مستشفى|37.04635|41.22361
المركز الصحي في سبع البور|مستشفى|33.46006|44.15181
اورژانس|مستشفى|35.30516|47.00281
بنکەی تەندروستی دارەتوو|مستشفى|36.11834|44.06523
بنکەی تەندروستی وەرتێ|مستشفى|36.50670|44.75875
بنکەی تەندرووستی بامەڕنێ|مستشفى|36.21786|44.02627
بنکەی تەندرووستی سەروەران|مستشفى|36.19312|44.06042
بیمارستان شهر کانیسور|مستشفى|36.06130|45.74870
حاجي رزگارى جراح|مستشفى|35.55310|45.41879
درمانگاه روستای تازه قلعه|مستشفى|37.13451|46.06905
رعاية اطفال|مستشفى|34.61703|45.32160
طوارئ|مستشفى|36.85735|43.00715
عيادات ذو الفقار الطبيه|مستشفى|33.40096|44.43211
عياده الشعبيه|مستشفى|33.41381|44.41058
عیادەی پزیشکی خێرخوازی سەیدصادق|مستشفى|35.35519|45.85922
قوتابخانه ي شارو|مستشفى|35.58747|45.41472
مجمع نوروز الطبي|مستشفى|36.85977|42.95490
مركز صحي|مستشفى|37.05042|41.23499
مركز طبي التركماني|مستشفى|34.69612|44.96070
مستشفى إبن الأثير|مستشفى|36.37397|43.15014
مستشفى الأورام والحبل الشوكي|مستشفى|36.40521|43.09676
مستشفى التركماني|مستشفى|34.69607|44.96068
مستشفى الحمدانية العام|مستشفى|36.27448|43.38385
مستشفى السلام|مستشفى|36.32121|43.18928
مستشفى الشهيد إبراهيم صالح -600 دار|مستشفى|35.01026|43.45886
مستشفى الشهيد ضاري الفياظ|مستشفى|33.51573|44.39175
مستشفى الشهيد محمدالماجد|مستشفى|34.19969|43.86624
مستشفى القائم العام|مستشفى|34.39448|41.00133
مستشفى بعقوبة العام|مستشفى|33.74814|44.62139
مستشفى بورك|مستشفى|36.49955|41.86619
مستشفى دجلة|مستشفى|34.53446|43.69545
مستشفى كيوان|مستشفى|35.51876|44.30610
مستشفى ڤين|مستشفى|36.86011|42.95239
مستوصف الخليج|مستشفى|37.03643|41.22867
مستوصف الصينية القديم|مستشفى|34.92419|43.41480
مستوصف صحي بوب الشام|مستشفى|33.43960|44.38240
مشفى السلام|مستشفى|37.04994|41.22872
نه خوش خانه بورك|مستشفى|36.49610|41.86919
نەخۆشخانەی ئینتەرناشناڵ|مستشفى|35.56615|45.45079
نەخۆشخانەی تایبەتی ژیان|مستشفى|35.55614|45.44992
نەخۆشخانەی دایک|مستشفى|36.19157|44.02902
نەخۆشخانەی شیرەکە|مستشفى|35.55617|45.45036
نەخۆشخانەی فریاکەوتنی ڕۆژئاوای هەولێر|مستشفى|36.16116|43.96897
نەخۆشخانەی نێودەوڵەتی ژین|مستشفى|36.19445|44.04449
نەخۆشخانەی ڕزگاری|مستشفى|36.19176|44.03798
نەخۆشخانەی کارێزە وشك|مستشفى|35.58182|45.42546
پەیمانگای پزیشکی دادایی سلێمانی|مستشفى|35.56201|45.44524
کۆمه‌لگه‌ها زه‌ری لاند یێ پزیشکی|مستشفى|36.86947|42.95598
گورچیله‌ی ده‌ستكرد|مستشفى|36.19769|44.01987